Study_Hours_Per_Week,Attendance_Percentage,Previous_Grades,Family_Income,Dropped_Out
17.6,90.7,74.1,69149.19,0
24.5,75.8,79.8,54179.74,0
28.7,95.2,82.2,74654.73,0
25.5,84.6,79.1,97152.0,0
1.9,40.5,63.9,58080.17,1
6.2,54.4,37.4,13341.8,1
4.7,29.7,37.2,22683.64,1
24.2,84.0,69.1,52534.87,0
6.5,37.9,47.3,25137.59,1
18.0,100.0,143.74712467770638,57873.75,0
12.3,93.3,69.5,86710.78,0
8.7,37.4,37.0,26656.89,1
5.2,,31.6,48224.55,1
17.4,85.2,74.5,82573.97,0
21.8,86.6,82.9,67370.04,0
22.5,90.2,86.6,108305.29,0
4.7,57.3,47.7,42483.86,1
4.8,37.4,58.1,41021.46,1
4.2,60.0,30.7,38068.16,1
4.1,,27.7,35578.19,1
16.7,91.2,81.8,59767.12,0
3.4,52.1,38.4,51387.31,1
5.5,38.9,41.1,27738.86,1
19.4,89.1,88.1,64828.71,0
10.7,97.6,74.0,51103.52,0
7.3,83.6,88.7,56422.6,0
5.2,94.9,78.0,42687.93,0
2.5,44.0,43.7,44355.06,1
11.7,95.1,68.3,92033.49,0
7.1,90.1,64.2,67590.24,0
15.1,88.4,62.3,53162.89,0
21.8,89.0,73.4,92052.53,0
,83.6,91.1,51404.99,0
23.9,89.5,93.9,28347.1,0
11.7,83.4,74.0,95726.14,0
27.5,99.5,87.2,33283.67,0
1.3,41.9,64.5,44846.43,1
3.8,50.8,35.9,25818.9,1
23.7,84.4,80.5,116977.52,0
22.5,95.4,84.6,59053.3,0
16.0,76.0,76.1,63646.17,0
13.0,73.9,75.7,82013.05,0
24.1,97.6,67.6,88306.37,0
0.0,42.4,56.4,35705.93,1
16.3,80.2,72.1,77799.72,0
26.8,83.4,86.3,79637.03,0
18.2,74.4,83.2,51465.21,0
19.1,74.1,83.5,75145.72,0
21.6,88.6,92.8,47058.61,0
21.0,97.3,66.3,60443.16,0
9.2,80.2,97.1,60009.7,0
6.2,33.2,58.2,33533.73,1
0.0,45.6,28.4,56982.01,1
20.9,85.5,80.5,62657.69,0
19.7,76.5,72.4,65711.37,0
19.4,76.8,80.5,60575.94,0
2.4,29.0,49.3,56960.12,1
18.4,74.2,95.2,49077.12,0
13.1,80.6,85.2,56399.77,0
22.2,83.2,94.3,78996.36,0
20.1,82.0,81.2,64707.83,0
14.0,85.9,82.2,51384.13,0
13.5,91.3,94.3,62204.87,0
18.6,78.6,89.3,100940.66,0
12.1,86.6,79.7,75019.62,0
16.1,100.0,66.8,65480.58,0
20.4,79.1,82.1,18317.44,0
19.2,92.9,76.8,101253.7,0
22.8,86.0,86.6,56665.51,0
20.8,86.7,69.8,92954.32,0
4.0,18.4,38.3,26820.91,1
18.3,84.2,86.8,47595.12,0
4.0,57.4,47.7,31411.59,1
,100.0,69.9,70450.91,0
20.4,82.3,68.2,63451.0,0
2.0,35.3,28.4,47454.79,1
24.7,83.6,87.0,26581.66,0
5.5,64.6,36.3,77784.25,1
3.1,26.2,39.1,34021.92,1
17.2,82.0,82.3,54137.94,0
25.9,79.4,74.0,47407.75,0
11.7,96.3,78.8,72731.02,0
13.7,72.2,88.0,52424.29,0
6.8,49.4,40.5,36266.3,1
3.4,70.7,42.0,31782.51,1
21.4,87.7,75.4,63013.68,0
26.8,100.0,87.5,89915.25,0
6.0,20.0,42.3,34536.38,1
30.2,97.6,88.5,66608.22,0
14.7,77.5,70.8,56112.48,0
,,39.0,19148.57,1
16.1,97.5,86.3,68114.67,0
19.5,91.1,87.0,78640.67,0
9.8,80.5,76.5,85765.6,0
21.5,93.3,73.6,54183.96,0
22.4,79.0,84.0,89989.28,0
17.1,100.0,90.0,72272.55,0
15.3,84.3,97.6,57935.54,0
0.0,37.7,37.3,61780.65,1
24.2,89.3,70.5,35052.74,0
19.7,84.0,73.3,67645.41,0
1.4,78.9,39.7,51217.99,1
,89.8,72.7,19047.87,0
12.2,91.8,75.8,87399.19,0
1.8,48.0,36.8,55008.22,1
14.4,82.9,83.0,73661.4,0
9.4,53.5,37.2,37644.96,1
22.7,94.8,87.0,93901.0,0
13.5,76.6,74.1,41233.91,0
19.3,85.8,73.7,77880.04,0
5.0,46.5,33.6,39137.71,1
22.8,100.0,75.5,81349.71,0
2.7,40.7,47.9,29558.7,1
19.6,86.6,79.3,52551.33,0
2.4,50.8,47.6,42321.72,1
7.4,80.8,64.8,96362.91,0
12.5,,88.1,77719.82,0
18.7,89.2,65.3,64797.11,0
27.0,89.5,97.3,57821.29,0
7.3,60.9,20.5,18238.83,1
18.8,84.6,75.3,114674.44,0
26.5,75.7,81.2,54937.14,0
11.8,96.9,72.1,63939.26,0
24.6,94.1,88.2,98687.06,0
6.3,93.5,77.1,90696.31,0
20.6,76.3,71.5,31708.36,0
25.1,80.2,79.9,37774.93,0
17.3,100.0,80.8,59525.33,0
21.0,83.3,77.5,55175.45,0
4.4,44.4,47.5,26751.14,1
6.7,38.1,31.3,61961.34,1
6.2,45.6,34.4,18444.42,1
0.3,43.5,34.1,46021.13,1
2.4,47.5,30.8,78495.48,1
18.6,78.4,74.4,79726.82,0
11.2,49.7,53.5,33485.09,1
13.5,,90.1,48837.41,0
16.8,92.0,87.3,83507.75,0
21.9,100.0,88.9,60078.46,0
9.8,81.9,94.7,57209.37,0
2.1,43.3,56.7,37781.9,1
8.1,56.0,42.7,28758.13,1
30.3,83.7,69.2,112652.88,0
17.0,,66.7,66272.93,0
11.5,75.7,54.1,31207.06,0
23.5,80.0,58.1,83740.99,0
28.4,73.3,89.1,118470.12,0
1.7,50.8,47.1,53320.66,1
26.8,80.0,82.3,97457.6,0
28.6,96.6,78.5,43803.06,0
9.4,88.3,82.2,77946.93,0
1.7,55.4,22.2,57829.28,1
0.0,50.3,39.2,50372.72,1
17.9,100.0,83.9,75469.17,0
15.7,95.2,70.8,75094.05,0
24.0,92.0,94.5,74407.66,0
3.5,33.2,26.9,11308.78,1
1.2,66.8,61.1,45825.98,1
18.1,89.8,84.1,107738.19,0
19.0,90.9,80.4,100957.12,0
31.1,95.4,73.4,95090.08,0
21.7,89.9,79.6,95705.7,0
22.8,100.0,80.6,68512.22,0
16.5,84.5,83.4,80611.41,0
15.2,90.9,85.7,111847.81,0
13.6,87.2,72.9,61272.48,0
9.6,100.0,68.7,68873.68,0
15.4,73.1,73.1,74604.68,0
12.5,90.5,87.2,101167.22,0
0.0,43.8,50.3,68468.29,1
24.1,74.0,86.9,50861.28,0
11.8,91.9,83.5,45171.54,0
8.1,18.4,40.5,63667.72,1
24.3,91.2,76.8,63699.22,0
17.0,89.9,74.3,70160.98,0
17.1,89.5,65.5,47366.99,0
5.1,,29.5,10503.05,1
18.8,70.0,80.1,54154.03,0
,93.1,72.7,83305.11,0
10.3,87.9,76.7,37180.69,0
13.2,89.0,70.6,65028.11,0
12.3,79.0,81.8,128471.07,0
8.2,65.2,16.2,54458.77,1
17.1,100.0,79.3,66210.64,0
7.4,53.3,31.4,33284.88,1
26.7,96.8,70.9,79564.27,0
19.6,76.7,79.9,82589.96,0
7.6,46.9,41.7,42158.23,1
29.9,89.2,85.6,76658.45,0
10.0,45.5,52.2,38621.25,1
5.3,29.8,37.6,48725.15,1
19.0,86.9,84.7,72941.79,0
5.6,57.6,30.4,57934.53,1
2.8,,54.3,17581.07,1
20.9,92.6,90.7,55006.5,0
4.0,25.1,37.0,47489.24,1
125.87883248328869,77.3,86.2,68572.36,0
11.9,75.7,82.7,96845.43,0
19.2,80.7,79.6,55697.41,0
20.2,82.1,83.0,59799.38,0
31.3,92.6,80.4,48897.77,0
20.9,88.3,99.9,69884.61,0
19.1,73.0,72.5,46577.47,0
19.0,92.4,74.2,64061.95,0
14.7,81.4,78.0,60946.79,0
16.6,78.3,78.7,77131.34,0
18.6,85.1,62.4,88909.95,0
17.3,91.9,77.5,72508.19,0
4.2,45.1,34.8,26159.91,1
12.6,85.9,88.5,89334.67,0
2.5,37.9,46.5,73175.96,1
14.4,95.3,81.4,82204.47,0
,84.3,72.1,44219.5,0
10.7,81.6,87.5,79463.86,0
1.7,23.6,53.5,10000.0,1
5.9,57.3,24.9,44923.53,1
12.9,89.1,81.3,51666.11,0
17.6,88.8,87.6,82576.61,0
14.0,80.4,79.3,53205.65,0
,91.5,82.6,54390.11,0
20.5,88.7,93.2,55281.48,0
15.8,88.1,88.4,72344.35,0
23.8,85.5,77.9,85783.71,0
0.9,49.2,48.9,47848.49,1
,97.7,81.3,86251.89,0
3.4,54.6,10.9,41852.44,1
0.0,16.8,19.3,49042.94,1
15.7,76.8,79.9,89241.66,0
6.4,39.1,38.1,42161.39,1
5.1,41.9,26.1,34401.73,1
17.3,86.9,85.9,114064.92,0
18.4,84.6,86.1,94001.12,0
18.7,99.0,74.1,60312.68,0
21.5,84.9,77.1,97566.46,0
2.1,47.7,41.8,43171.88,1
13.2,93.2,89.6,60646.14,0
18.3,89.9,80.2,89703.84,0
17.2,99.6,67.4,70846.03,0
16.0,,91.9,111562.88,0
19.9,97.1,80.7,54434.12,0
13.7,85.2,80.1,47285.14,0
18.0,74.7,100.0,50488.56,0
22.1,98.0,60.2,82303.59,0
22.5,75.4,66.2,82370.97,0
9.4,88.3,65.0,87233.5,0
1.0,36.2,39.5,58670.42,1
3.4,32.0,19.1,20466.01,1
19.1,79.1,74.4,58555.87,0
6.1,22.1,24.7,10290.53,1
1.7,46.0,44.3,60925.5,1
21.8,89.7,76.6,135285.79,0
11.3,87.7,93.7,64954.2,0
6.8,33.4,43.6,51556.26,1
6.5,55.4,37.1,13665.3,1
16.3,96.8,72.8,87119.65,0
23.6,90.3,78.7,74204.59,0
6.8,42.4,64.8,55362.43,1
13.8,95.8,74.3,61931.81,0
20.4,93.5,87.9,78431.79,0
3.6,47.8,38.7,30770.0,1
19.2,89.7,76.2,120907.66,0
0.0,72.3,39.6,22079.02,1
6.0,38.9,43.0,17189.59,1
3.6,50.2,39.8,51997.2,1
0.4,45.4,23.8,26040.26,1
,93.6,71.3,58885.73,0
0.0,43.5,45.4,32805.48,1
8.2,89.8,76.3,71924.18,0
12.0,77.1,80.8,68023.02,0
19.0,89.0,86.5,88481.89,0
17.8,95.6,84.2,55561.05,0
9.5,100.0,83.1,116474.57,0
1.4,60.1,34.3,55543.42,1
2.4,43.2,31.8,30461.71,1
19.8,84.4,65.7,59571.07,0
18.4,89.7,77.0,60949.94,0
18.8,97.0,70.6,63121.94,0
12.4,87.5,75.0,69762.44,0
0.0,52.2,47.9,45713.63,1
27.8,84.2,70.7,67973.59,0
14.1,81.6,97.3,52357.85,0
8.7,48.5,44.6,40929.06,1
7.2,50.4,56.8,39562.8,1
3.9,16.2,28.5,61446.85,1
16.2,92.5,92.4,52185.69,0
2.4,20.7,34.1,44435.04,1
26.2,85.2,77.5,81889.78,0
20.2,89.5,69.5,56581.73,0
4.9,33.3,23.6,61889.66,1
23.8,100.0,90.0,43169.39,0
10.7,86.5,80.8,70869.4,0
19.3,83.0,67.2,53846.61,0
20.6,82.1,80.3,93521.58,0
0.0,61.0,22.5,33525.45,1
17.5,92.4,81.3,43263.25,0
142.22343001594328,99.8,81.6,95353.01,0
3.9,50.0,31.3,47604.33,1
6.3,87.2,97.7,83580.24,0
18.4,90.6,90.9,83470.88,0
4.5,59.2,50.0,45763.56,1
6.6,26.0,32.4,45335.16,1
20.6,92.6,86.0,92755.95,0
20.0,89.3,70.6,61612.56,0
21.3,88.3,77.5,72108.62,0
10.4,100.0,75.6,34552.02,0
17.1,93.0,69.4,55790.54,0
5.9,62.4,42.4,48449.47,1
21.4,97.6,90.7,73202.45,0
7.2,32.6,42.3,44534.84,1
4.7,45.5,39.0,29197.18,1
4.5,44.3,43.1,39912.05,1
13.3,92.6,91.3,50722.24,0
2.2,44.2,35.2,68471.76,1
14.8,96.9,78.8,120430.49,0
6.9,46.2,40.3,28486.95,1
23.0,92.1,91.1,75437.18,0
15.4,85.2,69.0,54201.02,0
3.6,40.2,55.1,44679.78,1
11.9,90.7,71.3,84884.44,0
13.7,86.8,79.7,67345.52,0
0.0,54.7,34.1,56420.84,1
14.3,87.5,78.2,68490.35,0
19.9,94.5,68.4,72842.32,0
19.5,95.2,85.3,92439.35,0
2.2,52.1,48.7,36539.34,1
15.7,81.3,73.4,48039.53,0
17.7,76.2,83.5,81707.15,0
25.4,75.8,70.2,96707.52,0
5.3,27.1,54.7,44717.36,1
17.2,75.9,56.9,127950.78,0
7.9,69.2,43.9,50697.6,1
17.8,79.7,86.4,61924.84,0
6.6,51.0,45.3,23342.81,1
12.4,94.9,90.3,71774.07,0
27.3,93.1,87.1,45904.23,0
18.6,100.0,88.0,39259.0,0
5.3,38.0,31.8,26932.15,1
15.1,79.4,85.8,32600.41,0
1.4,38.4,40.3,51324.73,1
2.4,41.0,41.3,28874.59,1
17.2,,92.7,64038.14,0
8.8,36.8,40.2,53339.47,1
23.3,88.9,94.2,93014.83,0
19.5,93.8,87.4,71895.01,0
11.4,53.4,29.2,47118.32,1
22.6,73.9,81.1,85881.86,0
21.5,85.3,75.1,60899.75,0
21.8,79.3,87.9,51943.12,0
1.1,58.1,47.0,10000.0,1
30.6,93.1,79.4,75636.4,0
23.7,,89.9,62529.62,0
23.4,74.8,79.3,57797.08,0
18.3,100.0,64.2,77799.55,0
3.7,60.3,51.8,56415.92,1
0.0,34.7,45.0,48637.51,1
20.7,86.8,91.9,76561.43,0
5.6,33.4,58.8,49607.28,1
21.5,88.8,74.2,95199.12,0
25.5,87.9,77.2,60136.19,0
26.1,91.3,72.7,48566.03,0
27.8,72.9,79.1,54443.74,0
14.0,93.1,84.3,50924.4,0
18.9,77.9,92.4,70264.18,0
22.3,88.1,83.3,40387.41,0
2.7,45.0,10.5,12286.04,1
15.2,87.5,80.5,79011.66,0
15.0,91.6,97.3,31984.52,0
3.7,38.3,38.2,23545.25,1
3.6,50.0,44.2,35528.27,1
22.2,87.2,100.0,46858.16,0
17.3,82.7,71.5,72801.57,0
9.0,46.9,36.6,28452.31,1
19.0,90.6,66.5,79520.7,0
11.5,100.0,58.2,40043.48,0
4.5,35.7,43.7,23970.58,1
22.6,79.8,88.2,97174.87,0
21.3,90.6,90.7,53104.82,0
27.8,77.0,80.4,98723.17,0
13.4,86.3,84.7,42998.07,0
6.5,53.5,32.5,40152.89,1
22.9,81.4,88.9,93751.8,0
1.6,56.5,72.8,38102.66,1
15.1,87.2,90.7,100842.67,0
24.7,89.8,80.3,64582.0,0
13.9,81.4,77.8,78878.34,0
3.0,33.7,48.9,51315.53,1
5.1,54.2,52.4,31039.34,1
17.7,86.2,77.1,94163.37,0
23.8,,77.6,68505.03,0
21.8,87.4,95.0,40359.21,0
17.5,81.2,72.4,63175.03,0
16.0,93.4,89.4,90938.19,0
15.1,82.6,92.2,54125.88,0
3.1,55.4,37.0,21081.88,1
26.1,91.5,76.7,84492.1,0
18.0,93.1,80.3,51867.36,0
21.9,87.5,79.8,67520.07,0
12.4,81.4,93.1,65694.01,0
6.2,48.7,56.0,34183.72,1
25.5,83.2,90.5,71373.56,0
2.9,32.6,43.9,45902.43,1
18.2,88.9,71.5,96768.3,0
23.4,99.0,99.8,65223.07,0
23.0,92.8,84.4,60229.38,0
3.6,44.9,20.1,44330.99,1
19.6,99.1,94.9,77797.31,0
18.5,100.0,93.6,65929.55,0
10.5,22.3,34.1,25820.99,1
18.0,85.6,95.3,33860.16,0
18.4,80.1,87.1,59308.31,0
129.2256486061216,38.8,36.9,16423.56,1
8.7,47.4,40.1,22964.7,1
16.3,96.5,81.8,50856.99,0
17.5,93.1,75.1,40195.48,0
19.2,85.9,69.1,85571.21,0
13.7,97.4,63.8,61880.23,0
20.8,100.0,78.5,64528.24,0
23.8,90.6,80.6,50535.75,0
13.9,100.0,86.2,56559.63,0
14.4,85.6,83.2,82470.41,0
8.9,87.0,82.4,78177.08,0
12.9,67.9,78.7,77127.25,0
16.6,90.5,87.9,84240.73,0
21.4,92.4,87.7,30582.53,0
14.6,99.8,94.2,69044.94,0
22.8,84.1,93.5,71475.84,0
2.8,38.6,50.6,45036.31,1
15.2,82.1,71.4,85155.03,0
20.5,95.5,90.1,66169.73,0
13.4,95.2,77.1,75651.07,0
6.1,52.1,34.4,51387.05,1
19.1,99.1,91.9,89069.03,0
10.3,78.2,62.4,47032.76,0
18.1,90.2,98.9,55171.45,0
14.7,93.7,78.6,108587.07,0
0.7,60.0,55.0,64591.31,1
10.2,88.0,65.1,74272.05,0
5.1,81.2,86.0,35820.09,0
12.6,84.5,96.4,54670.95,0
1.8,40.9,28.4,10176.09,1
0.1,42.1,34.8,50818.29,1
23.2,84.9,57.3,83857.45,0
26.0,91.3,84.7,47059.91,0
19.2,100.0,67.7,50168.73,0
7.5,73.8,69.0,61097.71,0
17.5,91.3,92.6,90007.94,0
2.9,33.7,35.3,18033.22,1
22.7,88.0,87.4,102382.89,0
20.1,100.0,84.0,51392.47,0
28.5,85.1,74.5,73585.63,0
19.6,73.6,81.5,54900.54,0
22.5,86.8,89.5,101238.81,0
13.5,81.6,74.9,89093.24,0
0.6,66.4,52.0,41663.73,1
18.5,69.8,91.6,69863.26,0
0.0,44.4,43.8,38701.67,1
15.0,91.3,88.2,87500.49,0
12.1,89.7,77.2,51582.02,0
8.3,79.1,81.8,99150.3,0
24.8,84.3,84.7,69001.52,0
21.3,89.5,76.5,43158.84,0
16.8,98.9,81.2,55428.32,0
0.0,53.2,45.9,38069.36,1
21.2,89.7,74.5,57524.14,0
0.0,54.0,53.6,27629.44,1
25.3,84.0,83.0,41847.1,0
15.6,86.5,86.0,56000.34,0
12.7,92.9,96.9,68442.52,0
20.5,93.9,75.5,103417.65,0
22.8,93.5,78.9,57859.07,0
9.2,80.4,90.3,77950.46,0
21.4,87.2,67.3,49077.79,0
21.3,97.4,89.2,84307.97,0
16.1,95.0,75.3,69272.45,0
24.7,73.5,87.4,58788.82,0
20.8,85.0,90.0,70217.78,0
21.5,84.0,89.8,64760.31,0
19.4,,81.1,69696.1,0
,48.1,52.5,31292.03,1
15.1,96.1,89.1,65416.94,0
17.6,90.9,80.7,94796.69,0
4.8,29.7,52.8,24951.88,1
25.1,100.0,68.9,52804.79,0
22.1,89.4,80.6,62090.33,0
6.4,43.5,45.7,10000.0,1
1.6,30.7,22.4,34754.81,1
5.7,35.5,36.9,35138.36,1
21.5,87.7,89.9,66823.28,0
19.4,94.1,78.5,63047.9,0
15.2,83.4,78.9,86638.18,0
6.4,36.4,35.7,52497.57,1
5.3,,54.8,48432.11,1
13.5,78.6,91.9,78772.17,0
19.2,88.0,89.8,32442.69,0
17.7,80.0,75.3,37507.34,0
11.0,82.7,72.8,122103.21,0
14.3,99.9,85.9,54048.84,0
19.1,81.3,77.5,85800.65,0
11.4,89.6,81.5,93958.04,0
10.7,82.0,76.9,63555.15,0
12.9,57.3,92.6,31232.38,0
12.4,78.6,85.0,75122.64,0
17.8,85.2,93.3,85037.21,0
6.8,40.1,36.7,52274.3,1
4.3,44.0,35.9,10000.0,1
5.1,24.1,35.3,19954.65,1
15.5,87.3,75.9,37486.35,0
0.5,50.4,35.9,17934.89,1
22.7,73.2,73.9,83226.36,0
5.3,57.0,49.9,56034.15,1
14.1,85.5,57.6,29590.14,0
12.4,83.9,80.6,45814.58,0
14.8,91.7,74.2,66374.02,0
18.1,92.4,75.7,77674.52,0
1.9,31.5,31.1,36968.7,1
14.7,,80.3,89637.44,0
0.0,32.1,40.4,61740.1,1
21.4,83.3,72.0,85638.08,0
4.5,29.6,39.1,25217.5,1
24.8,96.1,79.1,93367.31,0
3.7,12.1,44.3,45897.05,1
13.9,85.1,80.7,65430.85,0
17.7,96.5,79.8,29123.45,0
26.6,86.6,84.9,88170.48,0
11.0,100.0,78.2,87641.9,0
16.8,94.3,95.8,61287.03,0
5.6,17.8,34.2,29550.71,1
22.8,100.0,99.2,58284.89,0
15.1,81.5,68.0,113905.7,0
24.0,100.0,86.1,42567.48,0
14.6,97.7,79.7,71278.14,0
5.5,43.8,34.7,39821.49,1
12.9,78.2,75.1,86237.0,0
2.8,49.6,19.8,50591.71,1
17.8,94.5,85.3,75643.27,0
18.9,100.0,96.1,82637.78,0
16.6,95.7,87.9,61387.43,0
16.6,,80.6,73561.63,0
12.5,90.6,57.2,92998.74,0
0.0,29.3,38.5,32166.99,1
18.0,93.4,86.6,41893.54,0
14.9,91.8,76.8,14277.05,0
16.7,85.7,82.4,70411.2,0
20.1,93.7,83.1,94707.33,0
3.3,24.8,34.1,39120.83,1
25.0,89.1,73.2,60102.09,0
16.1,88.6,84.4,82840.84,0
16.7,87.9,76.2,52330.71,0
17.3,78.6,78.6,73117.81,0
4.6,96.2,84.0,81673.64,0
17.3,86.6,89.9,56959.15,0
3.9,40.9,39.5,23315.02,1
19.2,87.4,66.5,58829.41,0
3.0,52.9,24.7,62485.47,1
13.2,83.9,73.0,90565.65,0
24.2,93.5,98.9,68791.81,0
20.8,92.3,85.2,77783.69,0
3.6,38.8,26.6,35595.89,1
15.8,66.2,71.5,68942.15,0
,89.2,73.9,42353.62,0
23.4,82.1,85.0,83372.21,0
17.1,79.6,58.3,92616.64,0
20.1,84.1,62.1,62827.71,0
20.7,70.3,85.1,83638.27,0
21.5,93.5,100.0,79958.66,0
14.4,79.1,87.6,80359.39,0
5.0,34.5,46.8,33962.8,1
22.6,74.5,85.5,60314.39,0
0.0,53.5,43.8,25526.39,1
19.5,81.4,93.1,85047.87,0
1.8,43.5,32.3,49504.56,1
26.3,83.6,74.7,76040.19,0
3.1,54.2,36.0,22370.21,1
24.5,84.0,75.3,85539.27,0
2.9,28.8,27.2,46175.01,1
13.5,92.3,90.2,65671.58,0
10.5,87.3,79.3,79931.48,0
22.9,100.0,86.3,63764.04,0
4.9,16.3,44.6,38769.55,1
10.9,96.9,98.6,53422.86,0
15.1,84.3,80.1,67385.9,0
18.5,87.6,87.1,79135.52,0
10.1,91.6,99.9,110916.62,0
16.1,95.3,80.0,76053.09,0
12.0,100.0,79.2,74357.95,0
15.1,77.5,85.6,76148.06,0
3.9,45.2,46.3,38240.55,1
0.0,50.4,44.6,36101.92,1
22.7,70.0,74.5,85109.48,0
14.2,95.5,82.8,59441.44,0
17.2,,97.5,103277.76,0
17.3,85.3,77.6,81242.06,0
14.6,89.9,67.4,71641.47,0
5.5,86.1,61.9,88357.47,0
19.4,78.3,83.6,20498.69,0
18.6,95.2,89.5,73012.69,0
13.0,87.5,62.8,30531.53,0
7.5,60.1,56.2,42111.14,1
14.2,85.9,71.5,50432.64,0
12.5,47.2,41.6,42151.26,1
10.9,73.9,90.9,84940.78,0
17.5,96.2,87.5,54299.31,0
23.3,81.5,63.7,89252.39,0
12.0,87.4,67.8,52915.71,0
22.4,93.1,85.4,29473.58,0
21.1,82.5,86.8,88002.0,0
7.7,53.1,27.5,26485.12,1
18.5,83.2,89.3,60094.38,0
20.6,89.2,75.2,69586.99,0
22.2,88.5,84.4,64649.76,0
18.3,84.3,75.2,61082.8,0
5.4,45.4,43.5,21879.54,1
15.5,84.4,80.8,59611.6,0
19.1,82.3,91.7,57957.13,0
16.4,69.7,87.2,87371.22,0
11.5,80.7,81.0,58665.83,0
19.0,87.9,61.3,83562.31,0
11.6,84.8,76.4,72674.85,0
15.9,92.6,81.9,78137.92,0
19.5,89.3,79.8,79521.65,0
4.8,40.5,30.5,58892.62,1
4.3,31.5,33.7,23993.9,1
4.7,55.8,33.2,39293.47,1
20.9,80.7,75.0,103823.46,0
0.5,40.2,39.3,27111.18,1
,86.3,96.3,56609.93,0
1.8,37.7,31.4,33844.57,1
0.0,48.3,40.0,26418.71,1
23.4,85.3,81.3,50766.26,0
3.4,26.6,43.0,59288.57,1
16.6,84.4,79.8,81235.27,0
4.3,41.5,38.6,49557.4,1
13.9,,78.4,80855.45,0
2.6,,35.4,40664.78,1
27.6,100.0,73.5,57703.71,0
,82.6,93.1,66042.87,0
3.0,55.2,32.9,52573.36,1
20.4,89.1,78.9,88886.45,0
32.0,79.0,76.3,68626.54,0
0.2,38.4,47.2,43726.8,1
5.4,39.3,37.8,21686.69,1
19.5,100.0,78.7,79224.65,0
10.0,92.0,69.7,77403.51,0
24.2,98.8,81.3,62719.98,0
0.3,57.1,47.5,65092.94,1
21.4,68.9,80.2,55527.38,0
0.4,61.1,40.9,50448.91,1
18.4,81.8,77.5,54547.1,0
21.8,91.6,84.0,62119.99,0
,82.5,75.1,50651.84,0
0.1,34.9,32.8,40437.71,1
17.8,85.9,70.1,28994.12,0
22.3,91.1,89.8,53000.8,0
2.0,35.8,39.5,30978.36,1
21.8,92.0,80.5,75308.61,0
1.4,46.3,43.5,22876.76,1
22.9,84.4,72.0,68566.52,0
6.1,58.4,46.3,18894.74,1
3.2,39.5,40.0,60284.22,1
1.8,32.5,45.9,27886.08,1
2.0,34.9,32.2,43799.96,1
25.2,92.8,74.1,75969.76,0
20.2,91.3,94.1,14619.42,0
14.7,88.7,82.3,74951.39,0
19.0,86.0,69.2,26154.02,0
6.5,43.7,48.2,36701.82,1
17.2,88.6,95.2,84937.6,0
9.9,47.2,41.7,29292.85,1
9.9,64.1,38.4,21253.34,1
,89.4,87.6,71489.5,0
2.1,48.4,51.4,22394.51,1
27.4,93.0,75.1,76952.01,0
3.3,,59.9,26730.83,1
19.5,92.6,78.4,72921.12,0
7.7,48.2,41.7,45417.73,1
22.1,89.0,95.4,66814.95,0
0.0,54.8,52.9,43028.43,1
2.9,54.9,57.4,48692.64,1
3.0,60.5,12.9,39663.83,1
8.3,83.0,71.8,91037.18,0
15.3,83.9,82.3,90162.22,0
8.4,45.8,28.7,51512.71,1
11.6,88.7,93.8,65378.41,0
3.3,53.6,55.5,22984.43,1
18.3,87.1,83.6,60031.24,0
3.0,38.6,23.4,57474.05,1
2.7,40.9,42.9,55299.33,1
25.5,95.6,64.3,66778.64,0
15.3,88.1,84.5,52808.88,0
17.1,85.5,66.7,70421.75,0
16.4,89.9,91.5,90059.04,0
9.4,78.7,97.6,97266.46,0
6.3,49.3,59.2,17889.27,1
10.8,87.7,82.2,72951.98,0
3.7,42.4,26.6,28313.64,1
,90.4,88.2,90541.92,0
13.8,91.1,71.1,56169.72,0
23.4,82.7,70.4,70606.48,0
2.3,,40.9,46456.64,1
5.1,62.7,51.4,36136.51,1
20.2,90.7,86.8,40978.17,0
14.6,87.7,87.9,84640.29,0
21.8,75.9,81.7,55447.55,0
0.5,55.5,51.0,40685.26,1
17.7,79.2,81.7,102826.25,0
24.2,84.9,90.2,78543.71,0
23.1,70.0,93.1,89066.21,0
8.6,46.0,34.9,32414.28,1
,28.6,42.3,33733.86,1
0.0,53.3,27.3,15562.1,1
19.1,80.3,91.8,120499.41,0
21.1,100.0,98.5,18989.28,0
11.0,91.2,80.6,54623.82,0
7.6,80.1,81.9,80141.41,0
7.0,72.9,48.2,25532.4,1
14.8,91.2,74.2,76188.21,0
9.2,92.5,78.8,85687.59,0
0.9,69.6,40.4,43976.71,1
20.2,92.1,68.8,45264.1,0
15.4,84.9,71.3,17609.9,0
16.1,93.8,72.7,59367.64,0
3.0,52.7,22.6,31584.39,1
27.6,80.3,91.6,55993.46,0
,25.8,52.1,40336.73,1
9.5,97.0,96.4,86023.04,0
15.8,91.2,70.2,98496.24,0
7.0,50.3,32.9,10000.0,1
19.3,80.0,69.4,65143.59,0
6.4,54.1,51.1,59894.77,1
20.1,,69.9,22861.27,0
20.9,85.1,76.6,58258.78,0
16.2,89.3,86.0,60285.28,0
16.2,81.1,80.1,64543.06,0
24.5,96.9,67.6,96340.44,0
23.8,85.6,76.5,47290.24,0
17.6,76.6,74.8,72707.78,0
13.0,78.3,84.4,81666.49,0
6.5,34.3,31.7,17541.05,1
13.6,88.9,79.6,66416.3,0
14.3,83.6,96.0,68348.23,0
0.0,40.7,36.3,81465.23,1
9.0,94.6,76.1,81120.31,0
19.3,96.8,77.2,95431.12,0
14.9,78.1,86.8,67712.94,0
22.6,75.5,69.4,83081.87,0
15.3,84.8,82.5,111565.56,0
6.4,28.2,18.4,50941.81,1
7.5,60.6,32.5,30942.42,1
6.1,89.3,81.3,98082.55,0
19.0,100.0,75.3,43766.68,0
10.2,74.1,87.9,92837.27,0
2.9,70.3,43.6,16709.43,1
16.4,82.5,97.5,50790.31,0
23.5,72.2,88.7,76953.92,0
13.7,86.2,76.1,67427.28,0
21.3,93.3,87.5,60783.78,0
14.6,73.0,82.2,60449.07,0
7.5,23.4,41.3,53224.95,1
12.4,81.6,85.4,76641.51,0
2.5,51.9,40.2,39146.29,1
13.5,82.0,80.1,56028.21,0
4.9,33.1,12.3,42232.4,1
15.4,82.6,84.2,40945.98,0
6.3,37.8,72.9,34671.53,1
18.1,91.2,69.8,67608.17,0
7.3,28.4,43.1,17661.34,1
1.3,58.1,46.0,38196.66,1
30.9,84.0,76.8,89576.68,0
13.9,83.7,87.5,69519.47,0
1.3,50.3,42.1,33786.36,1
16.2,75.6,73.1,92303.36,0
23.5,95.5,72.8,54048.73,0
27.4,85.0,89.9,74113.78,0
13.9,70.4,92.2,69039.95,0
0.7,58.0,54.2,42544.97,1
22.7,,81.8,46435.62,0
15.8,90.3,86.7,76339.18,0
18.5,99.6,81.6,90889.97,0
25.2,80.0,58.1,71122.59,0
27.6,91.3,77.2,81108.46,0
3.2,60.3,21.7,79126.98,1
3.8,41.4,53.2,42505.7,1
9.9,95.9,91.6,48654.9,0
17.9,90.9,69.8,95467.57,0
3.4,42.3,43.7,27816.81,1
20.7,100.0,73.1,72550.87,0
22.0,89.3,79.0,60014.19,0
0.0,27.2,54.5,32241.75,1
23.2,79.0,90.9,120204.56,0
20.4,84.8,87.7,79417.76,0
16.3,100.0,76.5,81027.38,0
21.3,100.0,69.1,66089.48,0
20.7,91.7,73.1,80216.84,0
17.2,94.9,84.8,36836.06,0
19.9,80.5,86.8,63217.01,0
15.2,87.1,90.0,79109.22,0
,80.4,77.8,68151.59,0
22.0,80.1,77.9,52025.01,0
19.2,81.5,99.3,108145.27,0
24.3,91.0,76.9,52217.84,0
15.3,78.2,75.2,42609.39,0
13.6,93.3,82.5,83654.07,0
1.5,48.1,41.9,67574.58,1
25.7,89.8,74.0,43692.86,0
7.0,59.3,41.0,28005.98,1
7.5,60.5,30.1,33847.45,1
18.0,72.2,75.8,48903.29,0
2.4,26.9,35.3,41553.65,1
22.3,89.5,69.3,59982.98,0
21.8,94.1,80.5,83891.91,0
,94.7,82.9,55354.55,0
1.0,51.0,46.7,45722.69,1
7.0,61.2,46.2,66581.39,1
18.7,93.3,72.6,63794.81,0
12.7,99.7,77.7,69002.53,0
11.6,98.5,86.6,75429.06,0
13.9,87.0,82.1,68032.16,0
8.2,59.8,47.2,40024.78,1
20.8,91.7,90.4,60850.19,0
6.0,35.2,51.3,37724.15,1
6.6,47.5,42.4,41374.75,1
16.7,72.5,73.0,68080.3,0
13.0,86.0,96.2,47668.28,0
13.4,83.1,74.5,97520.79,0
17.5,80.3,92.3,77746.51,0
10.0,90.2,86.1,67376.34,0
2.4,41.0,44.6,44405.22,1
17.0,76.8,79.7,46954.55,0
23.0,95.1,93.6,66080.01,0
23.1,91.5,79.2,83709.76,0
18.4,,80.4,59174.81,0
4.8,62.4,38.1,35875.23,1
22.8,89.1,79.2,50184.94,0
5.8,47.8,41.1,51756.12,1
8.8,77.4,73.4,23145.37,0
14.7,94.7,78.7,83544.24,0
10.2,84.9,78.5,51388.38,0
16.8,89.6,82.1,76067.56,0
1.8,54.2,30.1,37636.41,1
18.8,88.9,69.1,68167.38,0
6.8,53.8,41.7,48669.28,1
0.0,28.9,42.4,37634.75,1
8.1,100.0,83.9,82343.09,0
,87.1,65.9,18051.31,0
12.3,86.5,78.3,66661.46,0
11.4,86.1,80.7,62753.74,0
21.3,81.2,70.5,86082.69,0
20.6,81.3,92.0,52511.84,0
15.5,81.3,85.8,49624.39,0
17.9,94.0,74.8,64897.58,0
13.5,91.3,86.1,71327.64,0
28.1,89.4,85.4,89146.97,0
4.3,36.5,40.8,38311.94,1
0.0,14.6,45.7,38522.58,1
1.2,54.4,56.1,75735.51,1
14.9,84.5,81.9,80716.72,0
13.8,89.4,71.2,45738.11,0
2.9,53.5,37.5,37048.53,1
1.0,59.1,40.0,50798.21,1
7.2,65.0,36.8,39155.14,1
0.8,46.5,31.7,45643.07,1
6.9,100.0,88.0,35078.13,0
13.6,88.5,83.5,89832.26,0
20.5,79.0,68.0,43147.18,0
0.0,73.7,38.9,24903.81,1
11.8,90.8,90.1,77778.84,0
20.6,99.2,67.2,75573.37,0
11.4,51.9,38.1,39564.6,1
14.6,100.0,89.3,87028.22,0
24.0,97.4,84.6,45405.23,0
13.7,90.1,84.2,50607.35,0
25.2,71.5,81.0,94652.72,0
5.6,39.0,50.9,35022.7,1
17.6,89.4,73.5,34445.28,0
25.9,85.4,96.9,62864.4,0
14.5,95.8,79.4,50709.49,0
18.1,82.1,82.7,35801.83,0
7.0,63.4,39.5,22375.33,1
4.0,32.7,23.2,35028.3,1
,92.0,81.7,116837.7,0
2.1,46.2,49.4,17092.58,1
3.1,62.7,37.5,43623.35,1
16.0,,79.9,65361.25,0
12.1,,92.7,107694.79,0
3.6,46.6,33.8,30046.73,1
16.1,95.6,71.5,44845.93,0
13.4,82.3,88.8,71375.5,0
1.0,51.4,47.6,41743.94,1
16.4,92.4,70.1,84783.0,0
0.0,45.6,37.3,32076.31,1
7.8,49.7,39.3,36499.89,1
14.5,87.3,82.3,81326.48,0
22.2,82.9,87.8,92018.56,0
4.5,33.4,46.1,42135.45,1
0.8,70.2,49.7,65669.51,1
21.0,100.0,83.5,70524.21,0
21.9,81.0,69.8,88406.92,0
13.3,96.5,73.6,53366.67,0
11.6,92.9,78.0,75232.72,0
19.7,80.3,78.4,69160.0,0
12.1,71.6,85.9,66006.02,0
12.4,89.4,72.6,71794.66,0
,84.6,69.8,44621.52,0
21.6,91.4,99.5,41180.38,0
14.8,65.2,97.1,87439.27,0
2.9,46.4,56.2,43480.21,1
18.1,81.6,85.8,92536.04,0
11.5,80.2,64.9,71512.61,0
15.4,90.3,67.6,52805.67,0
128.20843649634247,76.8,78.0,56055.31,0
8.1,59.3,40.6,36314.75,1
22.8,71.1,82.9,71220.32,0
20.5,79.3,157.85437992446106,62030.87,0
1.2,20.8,45.5,30831.61,1
21.3,100.0,80.3,52081.7,0
19.7,85.8,72.3,54365.22,0
13.8,86.7,90.1,74973.83,0
13.1,81.8,82.8,67355.35,0
19.9,91.9,75.4,84161.38,0
23.0,78.4,85.8,57618.54,0
16.7,93.3,81.0,89188.47,0
11.6,92.6,69.2,59996.89,0
1.3,26.0,39.5,40776.15,1
12.1,100.0,86.8,74266.16,0
5.3,45.7,58.9,50000.12,1
18.1,81.7,62.3,33785.57,0
5.4,51.4,34.3,47226.44,1
4.2,31.8,45.9,59715.19,1
20.4,95.0,83.7,91369.92,0
17.5,93.6,82.7,41838.22,0
22.0,94.6,87.1,82544.82,0
18.2,83.5,75.2,77329.04,0
13.3,92.5,73.4,58132.01,0
1.2,53.2,25.6,33616.64,1
21.3,79.5,60.4,85821.42,0
12.8,81.2,100.0,12247.72,0
8.3,91.9,76.1,49411.75,0
14.4,79.1,83.7,70834.02,0
11.8,87.0,89.8,33744.25,0
18.8,89.5,91.1,95000.06,0
1.4,43.0,25.1,55509.64,1
,80.7,77.1,70403.82,0
14.6,87.5,82.2,80611.72,0
24.8,80.1,76.0,73903.91,0
17.7,89.5,87.8,91759.46,0
12.7,83.0,73.8,67429.65,0
18.3,89.9,91.5,47422.04,0
17.0,95.1,68.7,34260.85,0
5.6,46.1,37.1,10000.0,1
18.9,78.0,73.9,74787.62,0
4.0,33.4,49.8,43048.63,1
4.8,53.4,42.6,30290.6,1
5.0,44.6,10.3,29417.61,1
14.8,71.0,86.8,77128.94,0
22.3,88.8,75.4,72133.78,0
23.7,94.4,76.9,81703.01,0
15.7,88.3,78.7,87448.11,0
18.5,94.3,72.5,35963.37,0
14.1,78.6,82.4,88281.96,0
11.2,96.5,145.40965008174507,59330.29,0
2.0,52.1,41.8,60650.77,1
24.4,97.3,59.7,80938.56,0
18.0,97.7,90.6,107111.68,0
20.8,97.9,80.4,60558.21,0
0.6,41.0,41.3,42863.43,1
20.6,100.0,68.4,105764.31,0
2.5,48.5,26.4,14824.09,1
24.1,81.9,73.8,68979.77,0
14.3,84.2,71.5,85969.03,0
,91.1,78.0,100618.81,0
4.9,50.1,24.3,44639.85,1
9.3,94.1,76.9,71935.15,0
14.6,88.3,64.1,56432.68,0
3.2,28.9,17.9,42360.69,1
11.0,46.0,33.8,26090.9,1
21.2,83.1,96.1,100170.11,0
4.5,30.6,31.7,61608.61,1
13.2,88.4,78.9,74770.1,0
30.0,,89.7,40690.17,0
14.2,100.0,67.3,43357.0,0
2.2,9.8,64.4,10000.0,1
14.6,,87.4,45655.23,0
3.6,29.9,32.5,62951.42,1
24.5,98.9,75.4,62447.12,0
8.4,24.0,41.9,49285.28,1
24.1,87.7,63.6,102171.08,0
17.7,93.4,87.1,104945.02,0
21.0,91.1,73.7,63802.19,0
18.5,94.6,74.8,70978.14,0
18.6,85.6,83.2,73361.85,0
10.8,92.6,78.2,68263.0,0
19.4,77.2,81.3,80798.35,0
5.1,65.3,49.5,25874.71,1
14.3,90.4,69.6,52832.25,0
1.4,45.4,55.5,10000.0,1
18.2,90.5,93.4,47077.33,0
21.9,95.8,71.6,88008.58,0
0.0,37.9,29.1,12438.75,1
3.7,59.9,39.8,40825.54,1
21.9,97.0,68.1,42266.44,0
18.8,100.0,84.3,69525.64,0
16.1,87.2,76.5,78939.18,0
20.5,93.8,74.5,45715.26,0
5.6,50.1,25.5,23932.66,1
26.5,82.7,82.9,80353.68,0
16.4,90.0,83.7,62464.18,0
5.5,36.8,36.7,26430.23,1
1.6,51.6,149.44354747724836,50060.59,1
20.5,100.0,77.5,81233.78,0
19.4,98.1,77.7,39297.25,0
15.0,100.0,81.9,45262.48,0
14.6,98.2,83.7,81946.93,0
8.1,41.0,36.1,15745.95,1
25.4,91.0,73.5,91523.23,0
1.7,57.4,37.6,55028.03,1
8.5,49.6,43.4,10000.0,1
18.9,94.1,76.9,59613.1,0
22.0,100.0,76.9,108762.32,0
,88.8,71.6,69098.11,0
10.0,85.7,69.0,99372.94,0
12.2,85.8,71.4,64160.43,0
20.4,86.5,92.9,89261.66,0
18.6,97.9,74.8,73979.71,0
1.3,42.9,38.4,42229.03,1
14.0,93.3,66.8,101405.85,0
19.5,90.5,77.0,60654.29,0
4.5,65.3,9.2,50957.48,1
16.4,95.5,87.7,109267.85,0
22.2,86.5,89.3,49707.78,0
20.0,92.9,73.1,72083.72,0
1.0,51.2,25.9,21519.87,1
21.4,93.9,74.3,78515.89,0
18.5,89.7,64.3,83506.02,0
33.0,71.8,80.0,93673.38,0
29.0,88.2,92.4,101603.67,0
17.7,,83.8,89769.25,0
11.2,95.5,74.7,47853.85,0
11.4,93.6,79.2,61485.65,0
16.2,91.0,73.0,75485.67,0
12.7,89.0,89.8,49719.5,0
16.2,73.4,79.9,54572.32,0
24.5,91.9,88.9,93040.45,0
21.5,90.2,87.6,51766.46,0
17.3,91.4,93.8,43369.75,0
19.9,84.4,74.8,94868.07,0
3.3,56.7,42.1,50186.29,1
11.9,93.9,85.5,50762.34,0
6.8,62.4,42.4,24404.22,1
20.4,81.7,76.1,122287.4,0
0.0,32.4,34.5,50161.19,1
17.1,87.9,70.3,72590.93,0
26.3,84.0,74.4,80704.21,0
17.9,89.9,61.4,63910.29,0
,97.5,79.6,47481.7,0
11.3,83.5,65.8,88530.01,0
,73.0,88.0,72467.58,0
12.0,83.7,58.0,62782.77,0
15.9,100.0,54.4,54266.13,0
24.2,79.4,89.1,78582.83,0
14.8,94.2,77.4,60623.89,0
18.6,,75.7,62836.42,0
3.1,61.0,46.7,31061.43,1
21.0,94.6,74.7,93342.74,0
16.0,72.4,78.8,40311.51,0
15.7,91.0,87.4,70726.78,0
19.7,79.2,79.8,64069.67,0
19.0,85.5,89.1,68711.01,0
24.4,77.5,94.9,85794.1,0
22.7,90.4,91.4,60633.98,0
18.3,87.0,79.7,57319.1,0
16.4,85.3,86.6,50481.13,0
15.0,84.5,88.5,64353.97,0
15.8,76.1,72.0,57964.25,0
16.1,91.6,74.4,96036.18,0
5.9,49.9,43.3,39212.12,1
3.1,48.6,49.1,55197.57,1
13.4,100.0,84.3,68033.29,0
16.7,83.0,82.2,33516.84,0
24.6,97.0,81.5,69109.61,0
26.1,76.7,78.9,110675.65,0
15.3,79.5,82.1,54927.01,0
6.7,45.9,40.5,52097.16,1
17.2,86.4,70.0,55823.5,0
17.8,81.8,90.1,74473.59,0
0.0,35.6,40.4,51572.77,1
20.1,87.9,95.6,82446.05,0
,,78.0,118317.0,0
19.4,99.3,74.0,85648.33,0
22.4,87.7,74.9,72578.62,0
27.5,90.4,79.6,99866.79,0
19.0,100.0,85.9,79308.66,0
3.3,,41.3,49137.39,1
17.3,92.2,63.0,44866.69,0
5.7,48.8,42.2,62344.72,1
4.2,60.6,46.8,64898.46,1
6.3,38.1,50.2,61639.85,1
24.5,93.1,85.7,69214.07,0
0.9,51.1,41.7,35874.8,1
17.3,81.3,75.1,64513.77,0
15.7,74.3,75.5,39278.2,0
9.4,41.8,41.7,59296.46,1
19.2,94.2,89.7,55855.77,0
16.3,100.0,93.0,87884.98,0
14.5,85.6,92.5,72524.37,0
22.4,91.3,86.9,75849.75,0
13.1,85.0,80.0,94704.6,0
15.2,92.6,75.4,86759.38,0
23.1,84.2,85.9,67949.07,0
4.5,38.4,29.2,48012.68,1
12.8,,83.8,69655.48,0
6.8,100.0,72.8,30152.16,0
14.1,94.9,85.7,78625.08,0
4.3,39.7,39.6,34258.66,1
4.4,38.3,46.3,51755.23,1
20.2,97.5,78.0,78125.06,0
11.6,87.3,70.3,66892.66,0
15.7,78.8,70.1,71251.05,0
3.3,44.6,29.9,57038.11,1
16.0,99.4,77.7,60529.49,0
19.7,81.8,82.9,66831.26,0
25.0,90.2,84.4,41998.81,0
18.9,92.7,81.2,41778.65,0
25.6,98.7,75.4,88909.43,0
9.3,86.5,84.4,57674.94,0
14.5,85.3,81.8,84816.58,0
0.0,57.3,41.2,65761.67,1
16.6,80.6,61.6,80044.07,0
20.8,89.7,67.1,79141.98,0
11.1,83.5,77.5,70126.91,0
12.5,,80.6,71199.39,0
0.9,30.7,37.6,34956.15,1
5.7,50.7,16.4,30538.83,1
15.0,85.3,68.4,43487.28,0
7.6,38.4,38.0,42359.49,1
22.8,90.6,75.7,83640.83,0
26.8,85.6,79.5,79782.49,0
22.3,74.1,91.0,62490.31,0
2.8,71.8,42.4,52911.14,1
13.8,96.4,82.5,36274.53,0
18.4,86.0,75.3,51387.65,0
17.4,81.2,68.6,80436.35,0
12.9,80.2,73.6,90672.26,0
22.3,,86.7,79423.92,0
13.3,91.5,83.1,107184.88,0
9.7,73.9,61.3,54068.8,0
21.7,,92.2,36159.67,0
17.6,70.7,96.8,99960.87,0
0.0,53.8,50.4,34657.44,1
19.3,100.0,73.7,57227.34,0
20.4,81.6,82.5,74025.29,0
5.8,46.8,37.1,35155.93,1
17.9,88.5,80.6,95407.72,0
,81.0,87.8,86114.31,0
15.0,,91.2,44061.36,0
12.1,93.3,84.8,66504.62,0
23.4,98.5,90.5,77713.5,0
20.0,92.0,71.0,78688.5,0
1.3,53.9,56.1,48604.66,1
26.5,86.9,71.2,63378.04,0
21.3,76.3,72.7,47430.87,0
19.9,77.0,75.3,78638.24,0
17.4,84.9,73.0,93698.83,0
22.4,100.0,88.3,51426.75,0
18.9,83.1,85.7,87935.92,0
16.2,87.3,73.8,66091.22,0
12.7,73.8,84.8,50596.25,0
16.8,83.5,77.7,71912.06,0
8.5,77.7,77.9,76737.49,0
13.2,78.5,83.9,93049.47,0
,100.0,75.6,95134.5,0
20.7,83.6,60.6,81676.92,0
2.7,89.3,78.5,93648.83,0
3.7,24.3,27.6,63750.85,1
20.8,93.4,146.65234375317763,75373.02,0
14.8,98.3,90.7,70356.6,0
10.7,72.6,73.9,74877.53,0
22.1,84.7,78.8,47264.98,0
19.1,95.3,80.4,22048.31,0
14.4,88.0,70.7,87683.55,0
5.1,56.4,34.5,39131.18,1
0.4,46.8,33.9,30000.83,1
,,91.2,47359.54,0
9.6,93.7,67.4,87919.1,0
14.8,88.9,85.0,91532.35,0
6.1,38.8,35.3,40441.55,1
18.3,100.0,70.3,73179.87,0
18.0,91.5,68.8,70471.6,0
5.7,62.4,50.0,32098.17,1
20.1,79.9,86.6,68330.37,0
23.4,86.7,79.1,83147.86,0
14.6,82.5,66.9,75875.31,0
19.1,100.0,83.3,49333.54,0
25.8,92.2,73.4,39474.71,0
28.4,83.3,92.2,57817.33,0
12.8,89.3,84.7,99894.91,0
14.5,95.5,66.6,63107.69,0
7.0,58.3,38.0,19550.41,1
23.9,85.0,72.0,84022.6,0
4.3,57.7,35.3,53224.85,1
4.0,64.3,52.4,64006.03,1
23.0,83.5,64.2,49184.5,0
18.9,89.0,95.8,69226.7,0
26.8,81.2,82.9,52400.6,0
4.8,45.4,48.6,44300.41,1
22.3,75.8,77.0,69236.57,0
25.3,87.6,70.1,93933.33,0
,,89.1,67360.37,0
12.7,93.5,69.0,100375.5,0
3.2,39.0,45.1,15768.75,1
18.6,100.0,96.3,79393.69,0
20.5,,72.0,57130.23,0
18.3,88.1,76.0,72730.82,0
3.6,44.0,38.8,35258.8,1
16.4,77.6,88.0,55465.13,0
11.7,88.6,85.8,86130.88,0
15.2,83.6,66.9,50354.16,0
7.0,40.4,19.8,39974.84,1
,86.6,82.6,74887.6,0
30.2,85.0,74.7,81407.83,0
21.9,81.3,71.8,63982.75,0
0.0,41.0,31.4,63695.76,1
19.9,84.8,72.5,77834.94,0
15.5,95.5,74.5,50753.48,0
13.4,74.3,80.4,60719.38,0
15.7,80.3,84.3,74362.14,0
7.7,89.7,78.0,69257.23,0
20.0,96.6,90.3,43830.51,0
20.7,89.8,73.5,77171.16,0
17.7,88.7,79.6,89355.38,0
19.3,80.1,89.7,65335.23,0
3.5,46.6,41.9,29128.67,1
,76.5,91.5,59972.16,0
2.3,67.2,36.3,40647.16,1
26.5,93.4,81.7,46996.92,0
21.4,80.2,73.1,68533.8,0
20.8,94.4,79.0,58012.22,0
,39.4,59.0,36778.19,1
20.6,89.5,93.4,70231.62,0
4.1,38.5,39.9,32718.2,1
26.5,90.9,87.1,32157.49,0
15.8,90.5,76.4,81182.76,0
27.9,97.8,76.0,67716.98,0
7.5,57.5,32.1,25813.93,1
23.3,89.2,81.8,86502.33,0
21.9,92.3,71.0,85828.17,0
6.8,35.2,52.2,31324.55,1
14.1,,86.3,69548.8,0
11.3,,100.0,72944.5,0
20.8,84.2,89.8,69372.19,0
17.4,83.0,70.1,76072.84,0
23.7,100.0,82.0,56661.63,0
11.7,,80.5,59694.4,0
3.0,60.4,29.5,60636.11,1
3.4,38.2,35.7,21061.42,1
,94.8,73.9,86141.66,0
16.9,,69.1,81914.73,0
18.8,82.1,72.6,53286.64,0
23.4,83.2,67.4,85497.81,0
22.8,95.3,86.2,66172.36,0
3.5,56.6,41.1,23157.91,1
6.3,66.8,39.5,55910.63,1
1.7,36.0,48.6,60039.41,1
5.8,38.8,41.3,50886.84,1
1.2,39.7,55.5,27720.0,1
13.2,88.2,68.3,104303.84,0
29.0,77.5,92.2,60614.21,0
,86.2,76.5,92193.27,0
15.7,92.0,80.4,91665.42,0
24.0,82.2,83.3,33080.51,0
26.2,85.6,71.6,68558.39,0
19.3,82.1,88.1,49842.63,0
16.8,68.8,77.1,114762.64,0
2.7,58.4,44.6,19580.56,1
0.0,36.5,45.6,56358.52,1
16.9,94.1,67.5,59443.7,0
18.3,90.6,87.7,69850.49,0
12.3,93.0,77.3,79904.19,0
4.5,51.6,30.2,60849.31,1
17.0,94.3,86.0,70406.85,0
18.8,93.3,76.1,48394.26,0
8.3,84.8,100.0,50398.56,0
17.2,91.6,62.3,14616.47,0
16.1,88.2,96.2,66554.88,0
4.7,50.1,25.5,63015.51,1
18.2,94.0,86.3,78537.37,0
16.7,95.3,76.5,41023.31,0
16.2,86.9,84.1,74321.9,0
14.0,82.1,91.9,40738.56,0
23.5,77.4,91.5,60106.64,0
20.6,81.9,95.8,93776.86,0
9.8,50.6,37.3,21127.8,1
8.0,33.3,46.1,43388.47,1
16.8,81.0,79.9,52850.84,0
7.0,31.6,30.1,39046.25,1
126.8989753020025,93.7,73.2,27916.08,0
1.1,30.9,42.8,43209.23,1
16.7,81.6,83.5,56379.81,0
20.3,85.3,84.5,45221.56,0
11.2,93.3,81.4,107154.52,0
0.8,37.8,43.3,63428.05,1
18.4,,85.0,92668.13,0
17.7,72.6,80.3,59079.71,0
9.9,85.0,65.5,41738.48,0
18.2,97.5,79.6,65417.51,0
15.2,,67.3,72594.53,0
17.5,92.9,98.3,86264.01,0
0.5,75.5,43.3,51287.88,1
7.9,87.8,71.5,85425.58,0
15.6,86.7,76.8,77843.16,0
10.9,97.4,76.5,41347.97,0
4.5,44.9,49.2,35057.24,1
16.6,97.1,88.5,87711.66,0
20.9,73.0,76.5,46338.74,0
9.1,28.5,36.9,39013.47,1
17.2,77.9,69.9,58486.51,0
26.7,97.8,66.1,60113.0,0
22.6,88.5,75.9,44325.66,0
22.1,100.0,86.0,105511.76,0
20.2,93.5,66.6,79498.53,0
21.4,87.7,74.8,86744.24,0
9.9,30.9,43.4,49379.89,1
17.3,82.6,80.5,52433.2,0
19.3,93.1,72.3,104355.6,0
14.5,89.5,89.2,65395.15,0
21.2,89.9,89.1,83647.14,0
19.6,92.9,69.4,62268.5,0
16.3,86.1,83.2,68771.09,0
6.3,65.5,31.5,66157.48,1
2.1,54.7,44.3,40828.19,1
17.7,69.2,77.6,73744.2,0
2.1,45.1,54.7,33726.8,1
21.4,100.0,93.7,88515.94,0
9.7,52.8,38.9,19458.47,1
5.5,27.2,53.0,31742.6,1
18.4,87.7,86.4,80408.41,0
15.9,91.6,70.0,88344.98,0
8.7,59.2,32.3,42261.98,1
3.8,72.3,23.2,48968.2,1
2.8,41.9,47.5,36215.84,1
11.7,79.3,67.4,22789.17,0
2.5,37.7,48.6,43641.37,1
17.5,74.2,82.6,45728.2,0
0.0,37.0,38.8,17416.52,1
19.0,89.2,87.4,54552.21,0
11.0,86.1,79.3,49515.38,0
25.1,86.6,71.8,56473.08,0
14.3,99.9,72.6,67154.22,0
21.7,95.6,81.4,45275.14,0
4.9,42.9,53.0,55981.27,1
11.5,83.3,64.2,52242.17,0
2.0,54.2,41.1,33368.79,1
8.7,88.2,90.0,45462.46,0
,95.6,72.3,94020.13,0
13.8,95.8,82.2,79674.13,0
13.7,87.6,74.8,103002.04,0
4.2,57.7,30.7,36835.41,1
13.2,85.9,100.0,60960.33,0
12.0,84.2,91.4,46235.28,0
2.7,19.5,46.3,10000.0,1
22.4,86.5,89.1,65336.49,0
0.0,17.2,38.5,21278.86,1
23.4,85.0,74.0,76373.26,0
17.0,99.1,100.0,65188.43,0
14.6,,97.7,103214.94,0
23.6,86.6,100.0,109509.15,0
1.1,51.9,38.9,22906.89,1
17.9,94.7,87.0,55466.84,0
10.1,54.5,29.0,31990.38,1
24.6,93.4,81.8,57070.14,0
22.3,88.2,90.2,67292.8,0
17.1,71.4,80.1,101425.09,0
4.6,45.1,41.1,28424.7,1
16.3,97.2,76.5,62405.75,0
1.7,41.3,53.7,27367.54,1
18.3,89.8,75.5,60068.22,0
5.7,45.3,36.7,47999.53,1
18.0,84.2,81.5,73709.19,0
19.7,94.0,69.2,72566.52,0
5.2,43.4,42.5,22373.0,1
3.1,34.1,39.5,24365.35,1
24.2,98.5,70.2,65409.72,0
23.7,90.2,77.9,58901.35,0
2.8,43.7,51.5,50998.06,1
5.1,69.5,50.8,34598.38,1
13.6,,86.6,73438.36,0
13.3,90.9,75.3,42202.33,0
2.6,62.2,51.7,70083.9,1
3.9,34.8,38.0,49109.24,1
4.4,67.4,41.7,30722.56,1
26.4,88.8,83.6,46824.29,0
1.3,45.2,46.3,36910.36,1
18.1,83.7,81.7,91167.27,0
5.8,28.2,51.4,10000.0,1
4.6,26.3,44.6,31246.14,1
16.2,94.5,74.7,47097.71,0
26.0,72.7,50.0,86288.48,0
14.0,99.8,78.3,68382.33,0
14.7,90.2,75.4,72207.29,0
24.1,84.0,75.6,78857.03,0
6.0,21.3,38.3,34696.23,1
8.8,33.7,46.5,42742.73,1
,55.8,36.7,28288.5,1
2.6,28.1,27.1,39739.2,1
6.5,42.4,44.0,55001.15,1
2.0,55.1,33.0,21494.93,1
10.2,85.0,98.5,17802.01,0
17.9,81.3,81.3,69400.68,0
24.7,89.7,67.9,78462.06,0
16.1,88.9,96.5,79108.02,0
22.5,89.7,81.5,80123.22,0
19.4,89.5,78.2,80062.4,0
15.0,88.8,81.2,57309.42,0
4.9,19.2,33.6,61091.04,1
126.04247772575,84.1,70.6,100966.35,0
5.4,,37.7,58153.4,1
17.0,93.1,73.1,63354.98,0
12.1,75.7,86.2,24671.87,0
23.8,95.0,81.3,103399.84,0
1.1,52.1,34.6,10000.0,1
15.1,89.0,72.3,74722.7,0
25.0,88.6,70.0,90577.37,0
3.1,45.1,49.9,27791.03,1
8.7,80.9,77.1,60669.54,0
19.9,76.2,63.8,103118.23,0
0.0,,40.2,68265.19,1
19.1,85.4,81.0,105645.91,0
6.2,41.0,40.7,32483.07,1
0.5,41.6,32.0,64761.03,1
20.2,91.0,76.5,65017.39,0
4.5,32.2,32.8,73997.34,1
16.8,,71.4,69237.74,0
29.8,95.6,77.3,71493.38,0
12.4,76.5,77.8,38868.43,0
28.3,85.1,76.9,68758.9,0
23.5,93.8,80.4,105260.83,0
1.9,65.6,37.7,22210.87,1
5.3,32.5,31.4,41108.99,1
14.1,83.3,69.7,67750.73,0
0.0,37.0,33.3,28662.36,1
11.8,99.2,92.0,58030.4,0
21.7,98.4,82.8,46159.32,0
21.4,85.3,83.5,69264.83,0
13.9,85.1,81.4,83735.99,0
8.2,41.6,39.1,10449.92,1
10.8,90.9,67.9,70353.76,0
17.9,92.0,85.5,68867.95,0
18.8,92.9,64.0,63948.4,0
0.0,43.2,35.8,48983.74,1
23.3,88.0,69.9,74922.13,0
6.2,45.3,30.4,38804.63,1
27.9,85.9,93.0,37545.49,0
4.0,42.3,45.5,40194.76,1
17.8,83.0,69.9,47996.16,0
13.8,100.0,73.0,62988.61,0
23.2,100.0,82.4,62510.01,0
0.0,34.7,44.7,37856.76,1
3.0,47.9,36.8,23706.35,1
26.3,85.5,83.3,112774.6,0
12.8,82.2,70.4,61146.99,0
20.0,89.7,77.5,65868.36,0
14.1,88.7,81.7,76457.16,0
21.2,82.0,95.2,69015.6,0
22.9,95.0,99.9,99099.11,0
7.1,13.2,41.6,20517.16,1
20.8,92.8,78.8,48361.45,0
26.5,89.5,82.6,53851.26,0
19.1,92.1,80.3,67468.92,0
24.3,85.5,88.7,78826.44,0
16.7,89.5,76.9,87729.18,0
17.2,96.9,81.3,41930.24,0
17.3,97.5,83.2,60463.03,0
17.5,100.0,74.4,96937.72,0
17.2,83.7,82.2,49241.63,0
27.3,93.7,75.8,42639.04,0
27.1,95.1,82.9,54390.64,0
10.4,22.7,37.4,51593.32,1
18.6,92.7,71.0,56229.9,0
23.4,90.8,59.1,53208.78,0
3.9,49.9,49.2,25996.37,1
4.5,57.0,20.5,18638.9,1
13.7,92.2,88.0,59574.05,0
8.2,50.2,42.3,62027.4,1
23.4,84.6,80.8,55108.19,0
24.7,86.2,72.4,66977.84,0
0.9,34.8,23.6,45095.88,1
16.9,62.1,73.6,55665.48,0
18.7,80.1,92.9,62530.9,0
4.1,50.9,48.3,35640.83,1
17.5,73.9,89.6,46613.4,0
28.4,84.4,68.3,10058.53,0
17.7,88.6,80.2,78117.73,0
16.6,93.8,98.8,43796.28,0
15.3,94.2,87.6,59467.33,0
18.0,73.3,74.2,82219.67,0
26.1,89.0,89.5,83618.82,0
,18.7,41.2,56634.71,1
21.0,100.0,70.8,85798.11,0
2.5,54.8,45.4,41829.36,1
8.6,25.6,16.9,60153.02,1
17.1,87.1,83.1,43166.96,0
18.3,81.6,76.5,88088.69,0
13.1,73.5,83.0,43889.07,0
7.0,36.9,33.6,34247.1,1
30.5,83.6,78.8,69510.08,0
12.1,89.5,83.5,117236.91,0
,28.5,40.8,39817.32,1
22.5,100.0,79.8,90215.0,0
21.3,91.5,64.7,57863.08,0
19.8,90.7,83.6,92965.69,0
17.7,82.7,86.0,46126.9,0
11.4,,81.3,66611.53,0
5.4,58.1,44.4,29070.94,1
3.2,44.8,31.8,70172.37,1
14.2,85.5,94.9,87348.55,0
21.1,82.2,65.4,57333.04,0
14.6,80.0,76.5,46430.57,0
3.6,50.9,44.5,30180.62,1
9.8,53.3,38.5,12864.53,1
17.6,95.6,82.6,65689.15,0
5.8,40.8,46.4,34242.79,1
10.2,86.6,71.8,82993.44,0
3.8,45.8,42.2,35643.77,1
12.0,90.5,81.3,87288.12,0
21.9,81.4,92.3,70796.15,0
13.4,76.2,91.1,55384.32,0
2.8,53.2,34.1,59294.27,1
18.2,94.0,81.3,71888.12,0
18.1,96.6,86.5,87472.07,0
15.2,84.0,80.2,102163.83,0
14.8,92.6,86.8,62466.32,0
20.5,94.5,87.7,33224.68,0
24.0,97.7,86.5,77437.24,0
17.3,88.4,75.5,100854.98,0
22.8,90.6,86.8,45862.59,0
17.8,77.5,85.4,97873.94,0
16.3,84.9,84.3,88584.36,0
0.6,38.6,48.4,36973.04,1
2.4,25.5,35.2,33414.83,1
18.9,79.4,89.9,33510.33,0
23.2,93.7,85.7,57843.74,0
25.5,90.1,74.4,59588.06,0
4.6,47.6,42.9,36065.31,1
23.6,100.0,84.2,41275.76,0
0.0,15.1,22.0,47636.03,1
,91.0,96.3,15055.36,0
18.7,92.0,88.3,60431.63,0
3.5,35.2,33.3,55436.88,1
19.9,65.8,89.9,77511.71,0
10.1,87.9,80.7,86573.05,0
0.3,60.9,45.4,21694.4,1
,95.2,83.7,60299.36,0
16.0,99.5,72.3,63058.72,0
4.9,42.8,38.2,10000.0,1
0.6,75.9,35.7,56311.16,1
15.8,,80.3,44953.61,0
22.5,80.2,77.8,61824.56,0
23.2,90.3,89.6,27879.12,0
6.9,41.8,42.5,46770.94,1
27.7,84.6,80.6,27097.28,0
21.8,89.2,88.2,60830.43,0
16.1,,89.4,35673.94,0
5.6,42.6,46.7,48054.24,1
20.1,93.4,89.4,71727.97,0
12.0,84.9,79.6,60017.93,0
3.1,23.5,23.9,90318.6,1
4.4,45.4,33.6,39769.66,1
8.4,88.5,69.2,77584.96,0
19.4,86.8,73.0,81042.73,0
3.4,39.2,37.3,45032.3,1
19.7,78.2,80.7,84969.82,0
0.0,48.3,39.2,38506.18,1
12.6,95.6,69.8,109359.39,0
13.9,89.5,86.5,83693.65,0
19.9,70.1,79.4,76345.5,0
4.3,55.0,46.2,25024.44,1
6.3,52.4,44.3,32229.99,1
21.7,90.6,90.1,76833.7,0
4.2,40.1,58.6,64219.45,1
22.4,92.8,78.4,54443.94,0
17.0,83.1,85.0,61834.7,0
19.0,92.0,83.4,70933.51,0
19.6,87.5,76.3,73292.53,0
23.9,85.1,85.3,59992.94,0
16.0,100.0,68.0,50874.22,0
12.7,88.9,90.7,86589.75,0
16.0,75.7,80.9,67610.44,0
2.3,45.0,41.0,55922.8,1
23.3,92.8,69.0,72398.97,0
24.0,99.9,90.8,89190.2,0
19.0,74.0,85.6,76037.92,0
9.1,89.8,100.0,54868.93,0
14.9,79.4,97.0,105725.81,0
3.6,37.4,37.9,24175.22,1
0.3,63.5,42.0,30098.86,1
28.1,95.2,94.1,37848.38,0
0.7,63.5,49.0,57389.94,1
19.9,97.5,76.9,62460.13,0
6.0,55.4,49.4,58759.92,1
3.0,76.1,38.2,55957.01,1
8.3,53.7,47.8,74214.99,1
13.9,92.5,81.7,65291.94,0
26.2,100.0,95.2,38346.81,0
18.2,91.2,73.0,78430.27,0
18.6,86.4,78.0,82513.14,0
0.0,36.4,48.3,33491.91,1
18.9,82.0,73.9,85227.32,0
4.9,47.0,47.7,20164.52,1
5.5,28.8,40.9,45028.5,1
0.0,43.7,44.6,31776.77,1
17.4,87.7,85.3,77912.22,0
15.1,92.5,95.0,54070.65,0
20.9,77.2,100.0,83115.99,0
16.5,77.8,66.7,45850.89,0
21.2,100.0,87.6,64556.41,0
15.1,91.3,88.6,91452.79,0
21.2,96.1,79.1,86361.36,0
15.8,95.7,88.4,90212.02,0
4.1,33.9,45.8,46242.22,1
28.0,87.6,70.2,90431.59,0
3.0,46.7,46.0,53892.56,1
13.1,91.0,93.8,31424.07,0
9.5,41.3,45.2,25046.89,1
17.6,91.1,82.0,83237.71,0
12.0,86.5,87.1,91212.0,0
9.6,42.8,31.5,65920.96,1
6.2,36.3,28.7,46877.48,1
6.0,25.8,22.4,24956.37,1
20.0,87.8,81.0,85461.07,0
21.5,79.6,59.5,50883.0,0
20.7,98.1,69.4,86379.16,0
18.4,83.6,89.2,27742.23,0
27.1,79.7,80.3,113156.7,0
20.9,84.8,84.4,60854.5,0
11.8,85.6,76.0,46499.62,0
16.0,100.0,81.6,106842.44,0
22.9,87.8,86.9,90369.12,0
17.2,86.2,71.2,113397.45,0
0.0,34.1,29.4,39514.41,1
18.7,100.0,84.2,45272.33,0
19.4,77.3,84.9,76175.26,0
2.0,56.4,36.3,10000.0,1
17.8,87.4,100.0,76559.25,0
11.6,92.3,77.8,62640.0,0
24.3,78.7,82.7,58219.38,0
24.4,98.2,86.7,47813.27,0
26.0,80.9,75.6,88391.87,0
11.9,81.5,86.5,98780.56,0
2.1,51.3,41.1,54591.85,1
1.0,46.0,50.9,59641.6,1
1.0,38.6,28.3,58411.06,1
9.7,96.2,88.5,81589.58,0
18.6,89.5,83.3,55709.39,0
21.1,82.9,80.1,34776.99,0
15.9,97.3,80.5,52063.87,0
10.7,89.8,81.8,63318.04,0
3.6,42.7,43.5,27724.24,1
21.7,77.3,63.8,66221.35,0
8.4,58.2,42.0,56604.69,1
20.3,80.5,83.8,110617.63,0
19.0,96.0,89.5,78890.03,0
8.7,53.8,48.4,23216.84,1
21.0,85.4,89.2,54888.04,0
25.4,90.3,88.4,29413.04,0
19.6,87.3,84.1,88215.08,0
22.6,100.0,74.5,10000.0,0
4.9,51.9,45.1,29491.8,1
20.7,84.1,76.8,61851.24,0
3.7,69.7,50.4,31808.19,1
17.7,84.5,72.2,105837.75,0
17.2,81.8,69.8,55961.02,0
11.5,49.0,58.0,17932.55,1
2.6,38.9,55.6,43646.17,1
15.8,86.3,77.7,57592.37,0
17.1,84.4,87.4,69262.44,0
0.0,47.2,56.0,41722.74,1
19.1,86.5,79.7,100226.52,0
24.1,74.4,81.4,70275.66,0
19.0,92.2,88.2,98072.38,0
19.4,71.5,81.8,103624.96,0
6.7,45.0,51.9,39908.21,1
0.1,53.7,31.5,56031.93,1
16.1,98.3,79.9,69835.62,0
19.3,77.9,86.4,65304.78,0
12.8,81.7,74.4,53971.16,0
14.2,74.2,88.8,43931.78,0
17.8,84.3,80.4,86989.81,0
6.7,40.8,47.8,43350.57,1
19.6,85.0,91.3,40741.7,0
5.4,97.9,82.4,43165.89,0
14.8,92.7,80.1,78080.16,0
5.2,46.0,56.8,38387.73,1
,82.7,89.9,71536.66,0
5.1,60.3,37.0,39243.2,1
3.9,53.2,29.6,43792.87,1
32.7,99.9,84.1,39616.53,0
29.2,86.4,69.2,81497.05,0
0.0,37.4,39.7,49358.0,1
16.3,82.1,69.7,34165.23,0
3.3,63.6,32.8,31013.16,1
13.7,88.1,69.7,94589.71,0
6.4,47.9,36.9,37929.52,1
9.3,80.2,76.0,91169.35,0
18.6,76.4,92.7,57937.72,0
18.2,96.1,71.0,93008.73,0
10.5,91.9,62.7,98366.15,0
14.9,,74.1,96137.21,0
19.2,86.5,80.7,47181.11,0
18.4,91.3,75.3,73798.26,0
0.7,49.3,40.7,53822.75,1
25.4,99.3,81.1,63608.47,0
22.0,88.7,92.6,29573.1,0
21.2,88.3,76.3,60154.58,0
2.2,47.8,35.8,46954.62,1
18.3,87.0,69.7,64620.76,0
28.8,86.9,80.5,83142.68,0
15.5,88.0,100.0,67084.63,0
18.8,93.1,78.6,81741.52,0
20.8,100.0,78.7,93531.03,0
13.6,83.9,70.1,46602.78,0
18.8,87.9,67.8,76709.87,0
25.2,91.1,89.0,68517.65,0
4.9,49.3,39.9,38620.77,1
8.8,24.9,38.0,51278.56,1
23.8,85.9,66.2,63801.52,0
19.3,97.2,74.5,41567.34,0
18.7,86.3,82.0,95453.3,0
21.7,74.7,86.2,84532.42,0
31.4,92.9,88.4,93146.41,0
18.4,79.6,94.7,95496.67,0
18.8,77.5,74.7,64340.55,0
21.2,83.2,66.4,52242.14,0
,88.7,79.9,84060.99,0
18.0,79.9,87.6,78220.42,0
23.0,87.5,79.3,62509.77,0
19.1,87.8,79.0,87731.61,0
26.3,97.3,88.3,54027.72,0
28.4,100.0,63.4,58291.91,0
17.9,89.5,74.9,72361.05,0
0.0,41.0,34.9,13079.63,1
18.7,,79.2,67279.15,0
14.3,89.5,76.3,97234.23,0
20.4,97.5,89.6,59623.28,0
26.6,81.8,77.7,85731.41,0
20.3,85.4,71.1,91436.81,0
22.2,88.2,77.0,54800.11,0
10.3,82.6,84.0,89512.52,0
16.8,88.5,81.8,20990.72,0
16.4,100.0,82.4,99370.68,0
3.4,37.2,43.6,49052.64,1
20.6,86.2,77.6,77913.72,0
22.9,78.0,77.9,54830.36,0
27.1,67.8,82.7,111289.53,0
21.3,94.8,100.0,63066.98,0
13.8,81.3,79.5,56890.15,0
13.3,90.5,90.1,88671.35,0
19.6,77.2,76.2,93489.44,0
17.7,87.3,69.8,17024.17,0
17.2,88.3,80.3,84848.2,0
17.3,85.4,76.6,95024.58,0
15.0,90.4,74.2,74542.97,0
15.4,82.4,79.9,59331.19,0
9.2,90.5,84.5,74751.11,0
8.9,35.8,45.7,67157.89,1
19.6,94.5,85.0,72277.34,0
17.5,89.9,86.1,83653.87,0
29.4,91.3,84.9,69685.23,0
19.8,100.0,92.5,52533.28,0
5.7,31.2,37.0,48678.89,1
22.9,97.0,90.4,80463.46,0
,90.4,77.6,58409.58,0
20.2,90.0,73.2,67051.15,0
19.5,100.0,76.0,57924.83,0
20.4,89.3,78.0,31384.29,0
13.6,97.3,76.2,67752.79,0
18.9,86.3,82.5,89379.14,0
9.5,100.0,96.5,76887.58,0
15.8,83.8,77.3,63993.69,0
12.6,85.1,88.9,52595.75,0
,23.0,25.7,21552.57,1
17.0,90.9,97.3,71081.71,0
12.3,96.9,87.0,49743.69,0
15.2,75.8,80.3,79603.77,0
24.3,100.0,81.8,51684.1,0
23.0,95.4,88.1,74349.53,0
27.8,81.2,73.0,78836.5,0
17.0,85.3,80.4,73699.13,0
0.5,28.5,50.8,64999.16,1
18.1,100.0,79.2,58987.3,0
23.6,86.9,85.6,93509.75,0
0.4,51.7,22.0,45181.1,1
11.1,72.2,76.1,51894.3,0
19.2,90.3,62.7,101768.32,0
16.2,87.7,82.8,65062.82,0
16.8,98.3,65.8,77544.18,0
16.0,79.4,81.5,77188.86,0
16.1,87.7,87.0,79656.04,0
18.5,97.0,64.7,61742.11,0
19.1,78.6,88.5,88665.24,0
12.3,84.0,88.4,84496.01,0
22.6,91.1,55.2,71298.97,0
10.0,34.4,38.0,24879.67,1
24.8,88.8,59.6,66724.12,0
25.4,95.7,88.4,54653.37,0
11.1,41.2,52.8,39499.61,1
15.7,88.2,74.5,86176.06,0
21.3,,82.6,72150.84,0
14.5,81.2,85.3,70066.28,0
17.5,97.1,91.6,48361.92,0
1.9,44.4,50.3,28938.7,1
9.2,89.3,84.8,96605.16,0
21.5,88.1,72.7,89832.27,0
20.7,100.0,85.1,83308.37,0
4.6,45.4,59.0,40313.31,1
25.5,78.0,92.0,72220.02,0
22.6,91.1,74.5,44414.05,0
13.3,62.9,72.7,84877.37,0
18.8,93.3,75.2,46490.75,0
18.1,75.9,82.8,68215.88,0
19.6,97.9,88.4,80522.0,0
15.6,90.7,82.7,32809.11,0
27.3,91.6,81.0,91592.37,0
23.6,99.4,71.2,72634.34,0
20.6,73.2,75.2,102263.15,0
18.9,98.8,74.8,47095.17,0
15.2,79.8,92.5,90000.0,0
17.1,92.7,96.2,65734.17,0
15.3,71.4,81.3,59939.74,0
14.9,83.5,92.4,81070.12,0
5.2,,31.1,28865.98,1
26.8,89.8,56.9,78811.34,0
0.2,47.0,42.5,40226.07,1
15.5,78.9,67.5,83760.35,0
24.3,93.7,81.3,65385.93,0
18.1,97.5,92.6,74641.3,0
23.7,79.8,83.4,46064.13,0
16.8,74.3,90.2,60954.94,0
14.3,90.9,79.4,75248.51,0
16.1,87.4,84.9,54486.07,0
15.8,78.7,73.5,19816.29,0
12.6,95.6,77.8,65207.07,0
22.7,98.2,82.1,74021.71,0
22.3,82.0,77.8,64222.76,0
15.2,91.5,81.4,66983.15,0
22.5,83.3,84.1,116640.99,0
19.3,100.0,94.3,60795.27,0
11.7,100.0,89.3,45680.04,0
5.2,10.0,53.9,23797.5,1
19.3,97.5,81.1,55239.63,0
18.0,73.5,80.2,76286.43,0
3.7,47.9,44.8,47703.33,1
23.5,84.9,81.7,72262.0,0
13.2,64.5,85.4,77241.1,0
25.9,95.4,72.7,82554.52,0
0.0,40.7,41.4,46564.5,1
19.4,,81.5,93051.07,0
2.0,48.9,34.9,51698.96,1
22.0,100.0,78.5,74679.36,0
20.9,76.7,83.9,57506.05,0
15.0,83.1,93.6,106124.69,0
13.0,82.6,95.5,42709.42,0
16.2,83.0,85.5,65273.17,0
0.9,36.8,32.6,13530.53,1
18.1,99.7,87.7,97903.35,0
17.0,79.9,66.7,77330.07,0
19.3,80.2,79.0,57432.48,0
20.6,76.9,80.0,100693.11,0
18.2,96.1,70.7,49416.75,0
10.9,42.2,45.0,23303.65,1
7.2,36.6,43.7,41371.6,1
20.3,93.8,73.3,53526.0,0
20.2,72.1,72.1,62470.67,0
13.2,78.0,69.4,38305.31,0
18.1,69.0,86.3,72532.32,0
2.6,41.6,34.9,34599.78,1
16.9,82.7,68.4,36769.32,0
,90.2,76.0,51387.94,0
16.4,87.8,82.0,87973.35,0
21.8,78.3,77.6,83786.58,0
19.3,88.5,77.5,99686.44,0
7.2,44.5,48.7,30365.18,1
9.2,58.4,31.7,25617.94,1
17.1,83.4,84.7,82273.62,0
17.3,94.0,95.0,77342.57,0
3.7,52.3,148.53997825663404,38450.46,1
20.8,96.7,92.1,70833.02,0
30.7,81.8,66.4,104040.23,0
21.6,79.0,81.3,58093.86,0
18.9,81.1,88.6,50399.43,0
1.4,32.4,29.0,32040.75,1
15.5,94.9,56.4,52966.19,0
7.6,47.6,42.5,47697.33,1
8.9,34.5,35.0,63266.5,1
0.9,46.9,32.0,39955.45,1
15.6,78.8,87.9,59188.09,0
6.2,56.3,35.0,33711.1,1
,99.6,78.5,75648.41,0
19.8,92.1,75.9,37148.24,0
8.2,86.5,73.3,40570.02,0
,94.6,70.4,99404.27,0
5.9,47.7,35.0,44986.55,1
19.7,82.9,85.6,81772.24,0
14.9,89.7,72.2,46353.02,0
14.7,94.2,95.3,59382.52,0
10.0,93.2,67.0,98977.21,0
4.9,34.5,50.9,48110.42,1
23.5,87.5,69.8,73211.54,0
17.3,97.0,84.5,62487.11,0
3.6,39.2,19.6,47381.88,1
8.8,96.6,80.0,82513.83,0
6.5,51.0,30.5,53128.65,1
29.0,100.0,68.1,48261.09,0
14.4,89.4,83.3,80792.24,0
0.0,49.7,35.4,34323.98,1
23.4,99.5,70.2,70773.83,0
10.3,98.3,85.1,15698.04,0
13.3,81.1,93.8,66906.09,0
4.5,59.1,41.5,42551.6,1
14.0,92.9,74.7,93701.53,0
9.0,62.4,51.1,84419.26,1
8.3,66.1,35.1,41375.07,1
16.4,,81.1,58568.96,0
4.1,51.2,53.8,64406.79,1
25.4,,67.3,54487.13,0
23.4,94.1,78.3,68707.29,0
13.6,75.4,99.4,96032.94,0
21.3,93.3,67.9,59343.09,0
20.8,87.5,84.5,68844.95,0
22.2,90.8,88.4,76556.42,0
23.7,84.0,93.7,83252.14,0
5.6,49.4,22.1,16331.7,1
10.0,92.5,89.1,59501.82,0
16.5,93.0,75.9,102436.52,0
10.9,85.9,77.0,57978.21,0
20.7,92.6,61.9,54209.35,0
5.7,83.2,82.6,89626.2,0
19.3,85.4,89.7,63635.1,0
24.6,92.8,60.4,66927.12,0
20.7,89.3,88.7,95986.67,0
13.1,82.2,80.2,95332.65,0
20.3,86.3,63.8,99783.3,0
10.2,80.6,81.0,60876.98,0
0.0,47.6,39.4,28495.58,1
11.9,83.8,80.2,73998.97,0
23.6,91.0,81.3,27945.96,0
20.4,82.8,89.9,89443.74,0
18.5,80.1,77.0,38550.21,0
15.9,86.4,83.2,60651.99,0
9.6,80.8,69.3,90616.94,0
14.4,72.9,74.9,69122.02,0
23.2,91.8,76.5,85341.81,0
16.2,80.1,73.4,92731.53,0
19.5,94.4,79.8,69991.22,0
21.0,99.9,67.3,66789.74,0
8.6,59.0,58.9,35416.54,1
6.7,34.8,39.0,49280.54,1
0.3,49.0,24.1,41009.58,1
12.1,93.0,94.9,62591.1,0
18.7,85.9,91.2,59488.57,0
11.1,91.8,71.3,104106.85,0
1.6,57.1,47.9,15724.35,1
15.0,95.0,92.0,92709.7,0
3.3,44.8,46.4,25842.3,1
7.8,,43.1,39338.36,1
16.8,81.7,70.6,109877.38,0
11.8,88.8,72.1,72526.43,0
16.3,92.9,81.5,84838.39,0
20.7,,71.9,50077.93,0
5.0,30.3,39.3,32362.83,1
12.9,84.6,85.9,100249.97,0
4.2,40.3,33.5,42538.59,1
16.0,78.0,78.4,89338.05,0
11.3,72.4,69.9,90143.94,0
17.4,78.8,65.4,53421.19,0
12.7,81.3,75.8,111610.91,0
3.8,35.4,47.3,49705.06,1
5.4,49.7,21.6,41052.97,1
5.3,46.9,34.2,46771.36,1
24.1,81.5,98.2,75691.96,0
14.3,90.8,76.5,63634.8,0
24.7,95.3,84.9,85455.63,0
23.2,88.1,80.7,105903.66,0
16.3,68.2,93.6,108525.5,0
6.1,35.9,49.0,46021.94,1
1.1,31.1,37.1,39043.85,1
2.4,67.8,40.6,36584.06,1
2.2,46.7,38.1,51891.48,1
17.0,84.3,71.9,66352.76,0
2.2,33.6,34.6,40194.78,1
17.3,100.0,79.0,55027.35,0
21.0,91.8,74.5,36988.5,0
12.7,93.4,84.5,23512.19,0
0.9,29.0,36.9,37309.23,1
27.1,64.4,73.4,61293.63,0
8.0,100.0,78.1,60785.29,0
0.0,78.4,52.0,40843.66,1
16.6,95.8,88.9,75949.53,0
4.8,44.6,21.2,50208.26,1
5.4,51.0,27.3,33401.97,1
12.5,93.0,73.5,45985.7,0
14.0,89.9,95.0,77212.67,0
19.4,87.1,96.7,65832.58,0
18.4,78.6,79.9,85159.74,0
23.3,82.9,85.0,88757.45,0
30.0,87.5,77.2,60841.88,0
26.0,84.7,66.4,80209.13,0
3.7,40.5,24.5,42670.16,1
28.6,73.8,74.2,62312.14,0
21.6,100.0,73.2,78384.34,0
11.6,76.9,79.0,68891.29,0
18.3,83.1,73.6,90892.09,0
23.6,85.8,70.5,82309.56,0
17.5,89.0,63.2,79236.22,0
12.0,86.5,82.7,67367.93,0
3.2,42.0,43.7,41516.98,1
8.1,26.5,59.3,50895.04,1
12.4,83.7,81.2,29416.29,0
25.1,86.1,71.8,68125.63,0
16.8,72.1,72.7,52108.6,0
15.0,100.0,69.7,58372.2,0
13.0,84.8,74.6,71245.05,0
22.4,94.2,69.2,36824.04,0
6.5,43.7,50.2,41997.79,1
1.8,15.1,43.1,10000.0,1
19.8,97.6,78.2,63044.18,0
5.9,50.4,44.4,50557.39,1
12.1,80.6,81.1,61157.54,0
2.3,48.3,36.8,53531.76,1
16.0,78.0,70.7,83232.77,0
0.1,55.3,46.1,59829.61,1
6.2,36.3,34.1,41603.6,1
4.1,27.2,35.8,55125.54,1
7.4,42.9,38.7,16324.0,1
14.3,82.1,79.5,35563.19,0
20.9,87.9,84.2,76894.38,0
13.7,94.6,67.4,100581.9,0
18.9,89.7,80.1,76728.42,0
20.7,,85.3,77721.86,0
6.2,41.8,42.4,62189.57,1
13.9,95.3,74.6,78798.3,0
6.9,20.2,44.5,41829.2,1
0.0,75.0,49.0,36293.25,1
19.8,88.7,85.5,51465.66,0
15.4,96.5,86.3,59980.7,0
5.9,43.5,25.7,61449.42,1
7.9,45.9,39.0,40286.07,1
25.3,97.3,100.0,97938.15,0
12.7,77.2,88.7,58347.14,0
17.5,72.6,97.9,89015.8,0
13.7,85.9,78.3,108877.77,0
16.6,89.8,85.1,67555.12,0
3.0,48.2,12.0,58912.6,1
19.7,88.0,75.7,66065.59,0
141.62310785173185,88.6,77.3,32275.69,0
20.5,80.8,68.0,128719.33,0
15.9,80.7,93.6,72697.78,0
0.0,39.1,44.6,29201.4,1
12.0,79.1,67.5,70691.39,0
9.5,95.0,86.9,65620.27,0
11.0,96.4,85.2,76245.99,0
11.8,90.8,73.8,64047.86,0
20.5,87.0,77.2,62857.29,0
12.4,87.4,93.3,67780.29,0
18.9,87.8,83.9,88405.18,0
1.6,81.9,42.0,46249.32,1
2.8,47.3,37.4,68859.33,1
,100.0,83.0,79174.47,0
14.2,97.2,65.9,76694.59,0
3.5,31.8,36.5,41564.16,1
19.4,94.1,67.5,97425.43,0
24.4,83.7,83.2,83982.73,0
19.5,80.6,93.6,62935.84,0
4.7,39.0,39.4,52521.44,1
5.8,39.2,43.5,44667.8,1
30.9,88.8,77.3,32422.96,0
,100.0,89.0,104147.62,0
5.6,46.8,34.5,27775.2,1
20.5,78.5,80.4,49661.75,0
3.5,69.6,28.9,26302.58,1
18.3,88.6,76.2,60798.83,0
16.0,86.3,71.3,62583.21,0
20.4,100.0,87.2,38562.68,0
23.0,,80.4,76082.67,0
20.8,93.0,72.1,42482.89,0
13.2,100.0,69.8,79620.74,0
1.6,59.1,47.5,58951.26,1
24.0,85.9,68.1,75852.8,0
17.6,100.0,81.2,81641.61,0
20.3,90.9,70.0,39881.32,0
19.9,84.8,85.7,39642.09,0
6.3,55.0,36.3,40549.38,1
9.7,85.8,78.2,78575.44,0
5.5,92.9,80.9,57175.32,0
3.1,59.8,49.1,38902.27,1
27.2,99.9,74.5,111728.8,0
25.6,86.5,92.9,45673.45,0
22.0,86.0,95.9,68288.89,0
15.4,100.0,69.4,83983.71,0
13.8,96.2,76.5,52018.38,0
20.2,90.7,72.0,69283.18,0
18.5,75.8,77.4,86325.49,0
16.9,78.2,93.2,53025.88,0
5.5,30.2,29.9,11416.4,1
9.3,60.6,37.4,61774.86,1
16.4,94.1,75.1,86861.39,0
,100.0,87.1,64081.52,0
22.3,89.3,76.5,83801.46,0
23.7,84.7,94.8,74001.36,0
24.8,91.8,76.4,86575.71,0
16.4,74.5,68.6,61632.7,0
17.3,96.1,81.7,106404.78,0
12.3,78.5,73.6,48647.09,0
2.0,24.7,35.1,37092.26,1
17.7,88.7,73.9,70969.07,0
0.6,47.4,47.0,41405.07,1
,100.0,89.3,87686.77,0
18.4,90.7,94.3,35783.84,0
18.4,89.4,88.6,54798.24,0
19.6,85.8,77.3,22376.17,0
20.3,,92.1,63814.8,0
12.9,80.6,59.2,78818.03,0
16.4,86.0,75.5,57704.1,0
15.4,87.2,72.1,56334.29,0
15.8,74.3,78.5,17257.81,0
12.2,88.8,86.3,80478.27,0
19.2,91.3,75.7,78848.74,0
6.9,29.5,50.8,58351.9,1
10.2,,81.6,85222.83,0
19.8,98.9,71.7,71300.65,0
23.0,,58.1,83054.86,0
11.8,99.2,73.8,75171.17,0
11.8,87.7,80.4,87953.94,0
0.9,28.1,43.6,56495.5,1
12.0,91.6,77.9,81307.08,0
3.9,62.5,48.7,29856.54,1
13.9,84.1,76.3,94214.38,0
7.0,34.3,36.0,73832.75,1
19.6,87.7,83.9,70200.31,0
21.0,91.4,60.6,59576.57,0
32.8,97.3,82.5,102930.06,0
144.18522481324516,35.8,35.0,51955.25,1
15.2,,62.4,69180.48,0
18.6,79.5,90.0,47578.36,0
26.9,,84.7,118488.0,0
,99.1,75.0,81005.35,0
19.6,82.3,87.3,41521.72,0
21.9,75.4,83.7,57958.94,0
20.3,93.2,70.7,95017.88,0
16.2,88.5,93.9,50958.14,0
0.0,60.0,47.9,52321.12,1
16.6,100.0,86.1,57253.43,0
21.0,95.1,93.4,47082.44,0
12.8,84.2,80.1,67000.25,0
2.5,34.2,30.6,38337.27,1
15.0,94.3,67.2,57734.06,0
3.8,36.9,42.0,40030.13,1
17.3,85.0,80.0,65293.97,0
123.03583812693512,89.8,91.2,56791.24,0
18.6,92.9,91.8,101980.39,0
3.9,53.7,35.3,28479.02,1
2.6,70.6,41.7,51104.82,1
6.2,28.8,29.8,35921.44,1
21.9,88.4,87.3,66860.02,0
4.0,61.2,43.5,41366.82,1
7.7,93.3,79.3,81681.8,0
10.9,77.2,87.7,54257.07,0
9.3,75.8,54.3,64040.43,0
13.1,86.9,80.9,51007.07,0
15.8,89.0,72.3,65433.97,0
9.6,33.2,37.6,45573.46,1
16.9,92.3,73.5,69395.44,0
23.5,83.4,94.6,73330.58,0
23.4,73.8,83.6,48221.65,0
24.3,90.2,62.2,81096.02,0
8.9,91.1,86.1,99062.31,0
18.8,79.8,94.8,69036.34,0
,88.7,78.2,75360.67,0
14.8,96.0,90.1,90710.78,0
14.0,79.4,97.5,60652.19,0
1.5,59.2,25.5,53024.56,1
19.2,98.2,94.5,27940.84,0
18.5,76.6,74.9,88208.54,0
6.2,35.3,43.7,42173.59,1
16.6,89.6,82.5,94838.15,0
21.6,100.0,85.6,53320.27,0
18.0,81.2,76.9,75855.2,0
0.0,34.7,53.0,53624.19,1
21.9,93.8,88.9,96474.91,0
19.2,59.2,71.4,45088.05,0
0.0,50.3,46.3,60075.53,1
9.3,38.8,35.9,24670.25,1
2.9,55.7,41.0,60315.1,1
0.8,59.3,41.5,48362.07,1
21.7,79.7,78.9,48567.39,0
21.3,90.4,89.3,40366.83,0
9.2,59.7,52.2,67663.01,1
8.6,76.7,82.3,41713.05,0
15.6,86.6,86.9,51687.14,0
23.2,83.1,83.8,93468.86,0
3.4,49.8,34.1,18533.54,1
13.8,89.3,79.0,58013.46,0
3.0,100.0,83.2,111498.45,0
9.1,91.6,85.8,49187.79,0
19.1,91.7,72.8,82360.31,0
26.9,92.8,87.9,79230.88,0
25.1,84.5,88.9,67632.39,0
3.6,30.7,40.7,43857.44,1
16.6,84.7,76.4,86791.21,0
4.4,51.4,39.5,33994.04,1
6.5,57.1,26.4,67150.68,1
22.8,92.7,69.6,67844.62,0
19.2,88.4,84.1,62899.35,0
21.9,84.0,80.0,90723.79,0
5.1,35.0,48.2,50922.76,1
12.5,100.0,73.7,70893.84,0
21.6,95.6,80.4,49334.0,0
16.8,91.2,88.5,59667.72,0
16.8,92.1,73.4,75731.06,0
16.3,84.7,75.8,55337.66,0
0.7,57.0,37.5,53572.33,1
0.5,92.7,76.8,41840.8,0
5.9,48.6,46.9,27215.03,1
,94.2,83.6,53599.96,0
12.0,89.6,87.4,64705.66,0
0.0,33.1,46.7,15223.98,1
21.3,93.9,79.8,63004.37,0
21.3,84.5,88.3,40753.37,0
2.4,47.9,28.3,47479.59,1
3.0,57.1,60.5,47482.51,1
7.8,61.5,42.9,28483.01,1
3.6,27.3,31.4,43318.19,1
22.1,,70.9,77784.28,0
15.2,100.0,89.2,70550.68,0
21.0,84.2,81.2,58349.73,0
11.2,83.3,83.4,83779.39,0
0.0,44.5,46.3,59072.12,1
17.0,95.6,77.6,82323.46,0
6.5,46.4,44.5,29515.82,1
23.6,90.9,73.6,42571.62,0
2.2,27.2,32.4,28202.74,1
21.3,81.0,88.2,72928.51,0
23.9,,84.3,55753.06,0
12.4,74.1,91.5,46352.46,0
2.4,30.3,50.0,24892.33,1
22.1,90.4,74.0,35363.93,0
15.8,93.0,95.9,47681.41,0
17.4,87.9,76.7,89746.54,0
21.5,,94.6,55671.2,0
5.4,17.2,45.3,51110.26,1
17.3,89.1,65.9,86116.02,0
24.9,83.6,90.4,84375.02,0
24.2,97.5,93.0,34669.42,0
8.8,38.2,41.6,44753.75,1
25.7,92.8,82.6,73726.4,0
12.5,81.3,80.2,43376.46,0
1.9,54.5,46.6,34548.97,1
,93.1,77.3,68581.44,0
4.0,35.5,29.2,22097.57,1
10.2,99.6,83.9,31990.59,0
19.7,84.3,72.7,45232.06,0
25.3,95.5,77.8,84021.17,0
16.3,97.1,72.9,48723.5,0
4.0,61.5,41.7,13325.83,1
24.6,84.0,84.2,68176.5,0
27.4,84.1,84.5,76716.34,0
18.8,69.1,80.6,52072.53,0
12.9,84.9,95.1,55325.4,0
17.4,79.5,77.8,64106.47,0
16.0,93.3,82.3,98172.85,0
5.5,48.7,30.3,24958.34,1
20.9,99.4,93.3,93140.13,0
22.6,91.1,73.3,110639.02,0
,92.2,83.7,98690.67,0
18.2,98.9,66.7,43346.29,0
3.4,54.6,18.4,16498.03,1
24.8,100.0,78.9,87035.32,0
7.7,98.4,88.2,73600.38,0
20.4,83.9,72.9,106453.68,0
17.1,78.0,91.8,73706.29,0
,,25.5,70855.42,1
13.7,99.0,76.8,39651.19,0
11.1,83.4,94.4,85430.17,0
25.7,83.5,67.2,78838.11,0
15.8,91.7,59.9,73002.93,0
2.9,58.2,48.1,44282.41,1
23.0,85.4,69.4,59578.62,0
5.7,49.1,37.8,39183.07,1
16.3,91.3,72.6,10912.19,0
16.0,77.5,86.5,57220.9,0
18.0,91.6,79.7,95960.14,0
20.1,95.4,78.9,66251.91,0
5.3,39.8,33.2,63261.98,1
13.3,81.9,76.3,89345.99,0
3.1,44.7,44.3,41926.89,1
7.2,,35.7,41786.51,1
18.2,86.6,76.7,45475.9,0
17.5,84.4,77.4,144556.67,0
14.8,82.6,84.3,52374.98,0
21.8,100.0,87.7,78232.97,0
14.1,89.1,88.1,76123.95,0
21.1,96.2,93.1,39611.37,0
5.7,53.0,46.5,38937.11,1
22.9,79.8,62.9,76808.88,0
18.7,68.1,91.6,37703.26,0
16.6,77.1,75.0,55633.02,0
1.0,55.5,52.1,58583.53,1
4.7,46.3,66.0,49849.67,1
26.0,,67.5,50599.59,0
11.6,83.2,86.6,34621.49,0
14.8,80.9,73.8,73912.25,0
22.8,82.9,74.9,90541.58,0
12.7,90.4,75.2,85897.04,0
17.2,90.2,70.5,90471.51,0
21.9,82.1,79.5,75959.32,0
16.1,90.4,77.6,76583.49,0
20.6,88.1,67.2,80210.94,0
17.2,92.2,72.2,45483.61,0
15.0,87.2,79.3,27944.22,0
9.5,,94.5,117805.89,0
2.3,44.7,33.1,44281.1,1
11.1,91.3,66.5,97045.42,0
4.8,33.8,48.4,41503.93,1
23.9,87.0,69.2,91538.72,0
29.1,96.8,79.0,67992.02,0
13.6,,65.7,47548.21,0
14.4,,72.3,65578.36,0
18.9,98.0,86.4,50042.73,0
23.8,81.7,80.3,71843.48,0
8.3,90.7,59.8,92041.66,0
20.5,85.2,84.7,72257.87,0
16.2,92.2,82.8,86354.88,0
21.5,87.3,66.1,67332.15,0
0.0,36.1,50.8,66278.81,1
16.2,100.0,73.5,65262.74,0
7.4,33.2,44.1,18253.77,1
,37.7,53.3,35299.89,1
14.2,86.2,74.0,86658.37,0
17.9,85.3,87.1,73020.71,0
20.7,100.0,87.2,65250.45,0
16.5,85.3,69.6,63356.44,0
22.7,82.8,88.6,89741.38,0
21.9,93.0,76.2,33102.07,0
16.1,83.8,80.4,68185.36,0
14.8,97.9,84.1,71443.97,0
0.0,53.0,29.9,44085.11,1
20.3,72.4,91.3,84499.01,0
5.0,30.9,39.2,26442.25,1
16.7,89.7,66.4,87228.32,0
4.2,48.5,34.5,58465.87,1
11.7,84.4,87.7,71581.87,0
25.6,81.5,78.1,64028.01,0
20.4,90.7,82.0,127222.79,0
12.8,87.4,90.9,53746.11,0
0.4,34.4,37.6,26476.13,1
19.0,97.4,71.5,98522.66,0
18.9,84.0,74.1,62169.87,0
21.2,100.0,63.5,57693.06,0
3.6,48.0,46.2,34121.75,1
1.9,42.2,28.2,34245.01,1
8.0,47.1,31.7,46578.2,1
19.0,81.4,94.9,47951.25,0
19.5,84.5,77.7,90327.14,0
18.7,98.7,56.9,61872.09,0
21.9,85.5,81.9,49479.66,0
15.9,77.4,83.0,42082.03,0
19.6,93.5,81.9,41664.87,0
6.1,37.7,31.7,36674.9,1
9.6,45.5,26.4,25991.65,1
8.3,48.6,39.8,41260.2,1
16.4,86.0,90.1,114926.75,0
9.7,64.1,44.3,44197.62,1
13.9,89.8,81.3,75729.93,0
29.5,86.3,83.5,93838.56,0
12.2,,69.1,74087.63,0
0.0,52.7,44.2,48725.05,1
21.8,87.3,73.1,62598.25,0
17.4,76.7,75.9,85543.77,0
3.4,40.2,30.3,12915.5,1
5.6,39.3,34.2,46717.33,1
2.2,,59.4,23537.28,1
16.5,90.7,77.5,98975.08,0
4.3,35.2,43.0,32447.51,1
4.1,44.5,32.3,37737.08,1
27.1,86.8,76.1,57187.0,0
0.6,32.1,35.9,41130.51,1
15.0,90.0,71.7,75365.82,0
30.4,83.2,75.1,86437.4,0
18.8,100.0,83.3,88902.38,0
15.9,84.1,78.3,66443.78,0
4.5,50.0,36.6,53145.57,1
19.4,95.2,78.5,40606.87,0
6.7,43.3,17.7,50850.99,1
0.0,58.2,45.6,10000.0,1
19.6,80.0,71.5,86117.6,0
20.6,88.4,76.2,42687.46,0
20.2,87.1,68.0,51552.31,0
24.1,87.4,87.8,61851.58,0
20.6,100.0,80.2,83718.01,0
12.6,80.5,84.2,34750.55,0
5.2,52.0,35.2,40534.7,1
15.9,80.8,69.5,75901.41,0
2.8,31.8,25.5,54469.47,1
20.1,75.2,88.2,45695.77,0
18.7,,85.5,88617.23,0
21.1,87.5,85.2,35955.52,0
10.8,90.1,64.6,58164.05,0
0.0,25.4,51.2,39613.17,1
16.9,73.0,78.7,74884.17,0
25.8,96.0,80.7,67189.39,0
18.4,98.6,100.0,85136.72,0
23.0,84.6,74.7,65263.76,0
14.2,72.8,95.3,72417.24,0
18.3,100.0,85.3,83434.22,0
19.3,83.2,99.7,59759.47,0
9.6,92.8,80.7,82975.76,0
0.0,48.6,41.9,38115.01,1
3.9,59.0,47.0,46971.86,1
16.2,90.0,87.3,98854.69,0
15.8,75.3,71.7,85277.81,0
3.0,53.5,39.2,42366.57,1
10.7,91.4,83.8,32757.18,0
17.3,81.1,86.3,29271.78,0
4.6,49.4,28.0,54466.53,1
23.3,74.7,74.2,31359.26,0
15.5,88.7,78.7,71325.5,0
13.0,89.7,76.3,98044.79,0
0.0,35.6,45.8,47701.54,1
3.4,49.3,16.6,11976.19,1
2.0,29.4,28.8,47036.81,1
13.1,,74.0,21416.8,0
27.6,94.0,82.7,66026.38,0
22.6,100.0,82.9,100835.91,0
27.2,77.9,89.4,46525.33,0
14.5,89.1,75.6,99163.85,0
11.2,89.9,73.8,39379.86,0
6.1,48.0,42.0,27190.82,1
17.2,89.0,60.7,77954.9,0
13.1,88.8,67.1,100999.28,0
20.3,83.2,78.5,69076.76,0
0.0,31.7,54.5,49307.25,1
10.5,,73.2,70043.42,0
6.2,28.5,47.9,16791.64,1
25.0,90.6,73.5,74537.37,0
6.9,46.7,43.4,21729.07,1
13.8,100.0,75.2,94678.28,0
18.9,90.6,93.4,47289.4,0
21.3,91.7,100.0,65111.83,0
30.3,81.6,85.9,96961.12,0
20.2,85.0,88.0,80118.31,0
7.1,94.2,66.0,77899.43,0
17.5,76.2,79.4,83347.86,0
0.0,47.1,63.7,53413.61,1
16.2,82.4,90.2,112078.22,0
20.8,85.3,78.4,58353.96,0
24.2,80.1,79.7,68240.28,0
22.0,92.5,83.5,89729.37,0
16.5,80.1,70.7,57598.77,0
10.5,83.9,97.5,68380.32,0
16.0,72.7,81.2,49275.03,0
21.7,96.5,89.2,103826.99,0
22.0,76.1,87.8,47843.73,0
6.4,36.4,47.2,61596.04,1
17.2,98.2,81.8,69818.63,0
23.2,88.6,74.7,51900.33,0
21.8,84.6,61.6,67883.81,0
18.2,92.7,87.6,72884.76,0
14.5,100.0,66.2,73973.56,0
17.4,83.2,86.2,41031.65,0
23.6,,87.1,72251.35,0
7.6,68.3,53.7,67129.95,1
17.2,,69.7,58849.54,0
4.0,38.7,43.1,15789.66,1
5.4,65.5,62.6,50303.1,1
5.3,,37.1,36325.7,1
0.0,43.0,48.0,46984.26,1
0.7,18.3,30.1,36933.96,1
27.6,91.2,57.0,87401.69,0
7.4,53.2,39.6,22986.21,1
15.2,93.5,78.5,61278.94,0
23.1,100.0,86.1,64491.14,0
10.1,100.0,75.0,63751.65,0
1.9,44.3,36.8,41954.09,1
3.5,35.7,31.7,41933.5,1
20.0,74.5,70.7,91562.2,0
20.5,92.9,69.7,56527.07,0
18.2,78.4,78.8,74293.97,0
11.8,73.4,69.5,74008.31,0
24.1,84.0,91.6,35340.54,0
15.5,91.2,78.7,70923.63,0
16.3,100.0,90.0,67513.9,0
20.5,88.1,79.7,82063.32,0
11.4,60.1,49.2,38440.16,1
14.6,80.2,74.0,83911.47,0
23.6,100.0,92.8,20209.26,0
5.2,59.3,56.0,35878.49,1
12.7,88.0,84.6,81663.25,0
11.9,87.0,66.3,118426.84,0
21.8,100.0,77.7,83860.22,0
6.4,33.5,41.2,61416.55,1
23.7,96.3,79.2,35440.04,0
8.8,74.3,42.0,60040.3,1
2.3,45.2,32.5,40965.46,1
21.3,,81.8,101161.98,0
1.0,27.1,45.7,13758.05,1
17.7,96.2,80.7,88404.31,0
24.2,,90.8,65420.43,0
15.2,99.1,94.3,70768.44,0
4.2,50.3,55.4,35272.61,1
7.8,,96.5,40669.77,0
6.6,49.4,33.5,57919.9,1
18.0,72.5,79.6,63453.0,0
3.9,47.9,44.2,18659.41,1
3.7,60.4,31.8,38600.88,1
18.3,92.4,79.9,45098.63,0
15.9,90.2,100.0,62569.17,0
14.0,81.5,91.1,105048.58,0
,34.8,47.9,31357.15,1
3.8,29.1,45.3,25237.41,1
21.7,83.9,73.3,37210.24,0
11.8,74.2,72.0,51271.38,0
22.4,93.7,74.9,74979.13,0
14.9,92.7,90.0,74587.84,0
18.0,94.6,78.3,81161.3,0
6.3,46.8,39.6,42309.43,1
2.6,,36.0,47301.58,1
18.9,82.1,89.4,20714.56,0
18.1,81.5,88.4,50231.21,0
19.2,97.3,70.1,78250.07,0
3.5,46.6,40.1,31508.59,1
18.6,91.5,90.5,51073.44,0
21.1,,82.5,91556.46,0
19.5,100.0,88.4,43525.3,0
20.1,80.1,79.3,93806.95,0
0.0,59.3,63.8,40109.27,1
,89.7,81.2,78605.19,0
16.1,89.6,79.6,56555.41,0
8.1,86.9,69.2,65529.84,0
5.6,42.3,38.8,46102.09,1
19.5,95.1,79.3,40393.42,0
1.4,52.9,39.5,53181.59,1
15.6,83.8,78.2,78954.03,0
5.3,55.1,30.3,41185.55,1
14.2,88.4,80.2,103481.76,0
9.6,82.4,73.4,53150.52,0
1.8,22.1,37.2,43305.94,1
20.9,97.7,76.6,36855.84,0
,59.3,51.6,64221.59,1
22.3,88.2,89.7,57564.57,0
17.1,70.7,88.4,78795.56,0
20.1,100.0,95.1,73702.52,0
12.1,78.7,84.7,86659.92,0
0.0,38.5,7.5,56214.49,1
19.8,90.3,83.0,78200.01,0
22.9,76.0,95.2,82020.27,0
20.7,96.8,69.5,91692.36,0
18.8,89.6,67.0,55175.09,0
20.4,83.8,99.5,69388.54,0
11.7,84.6,70.7,111445.55,0
19.3,99.5,77.6,96964.6,0
28.9,90.0,81.6,88060.44,0
16.9,80.4,81.1,65981.63,0
16.6,94.5,82.6,61571.36,0
16.4,84.3,78.0,56608.17,0
0.0,49.4,45.0,55162.42,1
4.7,33.7,30.2,24785.24,1
26.9,78.2,82.2,90317.52,0
11.8,,83.6,51522.06,0
1.2,55.5,40.1,51281.99,1
26.2,,100.0,38581.74,0
16.5,92.8,80.2,49782.44,0
16.6,81.2,77.9,68049.32,0
10.4,83.1,68.1,87891.71,0
18.2,90.3,72.7,72065.37,0
12.8,85.3,100.0,64672.86,0
2.4,55.7,36.0,49762.28,1
20.6,,100.0,63891.18,0
4.6,,41.3,10000.0,1
9.1,97.5,79.6,63286.47,0
1.6,35.7,30.8,41333.67,1
21.2,80.6,62.0,115839.19,0
7.0,,75.0,66500.65,0
12.3,93.0,95.2,74141.31,0
12.5,97.7,78.0,75826.21,0
21.8,84.4,100.0,67228.36,0
,88.8,78.4,70512.12,0
24.1,87.6,70.8,87755.13,0
9.3,40.2,47.2,65870.5,1
3.6,49.6,47.7,53779.26,1
18.8,94.3,71.0,85819.49,0
11.4,81.8,65.0,97766.44,0
22.3,81.2,64.5,84341.2,0
22.1,83.0,77.5,69868.35,0
26.8,90.7,75.0,73163.67,0
19.7,90.5,91.2,47856.01,0
22.5,96.5,87.0,82672.76,0
0.4,56.7,31.8,59534.6,1
3.2,19.7,22.6,50876.45,1
22.8,95.6,85.0,102534.42,0
27.3,97.7,68.8,63906.98,0
23.7,,89.1,57090.46,0
20.7,71.5,87.3,85736.84,0
19.4,85.6,73.5,90297.95,0
4.7,27.0,45.5,60989.07,1
3.2,41.4,17.5,27469.57,1
14.5,91.6,87.6,72143.74,0
17.9,83.1,84.9,93917.18,0
0.3,49.7,42.6,44333.43,1
0.0,42.1,44.0,48483.94,1
27.9,77.7,87.1,77841.11,0
23.1,79.5,77.3,118096.1,0
14.4,94.7,84.3,70150.63,0
4.8,50.8,37.6,34468.49,1
22.8,73.5,86.0,39256.89,0
18.2,79.2,62.1,72429.66,0
1.3,44.5,38.7,60488.06,1
21.0,87.8,77.6,46181.95,0
4.9,42.1,26.2,49841.12,1
22.6,80.8,91.2,81027.21,0
22.6,92.2,66.3,70507.89,0
13.7,80.8,71.3,78362.13,0
12.2,85.9,79.3,88941.15,0
17.8,94.3,83.9,96459.61,0
13.8,,64.3,80708.52,0
19.0,79.7,77.2,53661.89,0
21.1,89.7,63.6,94681.73,0
5.8,59.4,49.2,56695.22,1
13.9,77.4,73.5,75733.15,0
23.6,91.3,80.2,57766.85,0
15.4,77.8,87.4,77671.96,0
4.7,45.4,30.9,46775.56,1
0.5,43.9,48.1,46647.4,1
17.3,95.9,69.8,106166.02,0
12.4,86.1,87.9,82141.53,0
19.8,85.3,83.8,65000.29,0
3.0,52.5,32.3,59902.4,1
14.7,77.1,94.0,10000.0,0
26.5,95.8,73.1,31083.76,0
15.0,,76.0,77177.59,0
1.8,20.1,33.8,30809.47,1
18.5,86.6,78.6,86604.19,0
23.4,63.6,71.2,94853.49,0
26.9,81.9,81.7,98768.78,0
5.0,50.9,41.5,54844.07,1
23.7,88.8,75.6,30379.06,0
7.2,48.7,49.0,44062.23,1
15.8,96.5,73.5,51699.87,0
17.5,99.3,88.6,73354.13,0
1.5,30.8,46.6,28936.59,1
5.0,45.2,35.8,21638.36,1
18.0,86.3,93.2,67749.7,0
3.6,44.2,45.8,12139.2,1
5.5,62.0,33.0,28701.4,1
19.5,83.3,89.0,40130.46,0
14.5,98.8,74.7,101163.33,0
33.8,81.6,81.3,62188.54,0
16.1,90.1,74.8,72025.72,0
8.6,54.0,34.2,49848.94,1
10.4,93.8,76.5,74892.69,0
18.0,74.4,74.5,74960.11,0
10.5,,76.4,79229.19,0
12.7,99.3,87.9,71263.46,0
16.5,100.0,80.6,44540.82,0
7.2,94.3,91.3,47244.11,0
4.1,33.9,41.0,44610.46,1
20.0,97.2,80.3,77207.69,0
3.5,42.9,34.8,52822.48,1
,32.7,48.4,51447.46,1
8.1,96.7,69.4,39439.19,0
5.2,32.1,49.1,20482.24,1
16.8,96.2,78.0,77982.54,0
4.3,53.4,43.1,56981.03,1
17.5,91.5,85.1,80481.75,0
18.8,93.9,81.6,88808.0,0
19.2,68.1,81.4,28447.1,0
12.4,,86.6,71353.43,0
9.7,90.6,73.3,57326.1,0
17.3,86.4,161.56240906700725,107581.01,0
10.5,94.6,83.5,64991.86,0
26.5,98.1,92.6,64502.49,0
20.9,78.7,84.7,54166.67,0
10.5,84.1,95.0,71739.07,0
15.6,75.1,75.6,62637.01,0
24.6,100.0,81.4,55801.72,0
1.2,45.1,27.5,45629.32,1
20.6,92.3,82.2,82666.77,0
20.7,82.6,80.0,54986.87,0
2.5,36.5,41.0,55787.54,1
16.9,88.7,71.3,67282.67,0
15.1,89.9,92.0,98810.11,0
14.1,82.4,93.3,74145.27,0
13.6,81.4,86.5,75636.65,0
23.2,,84.6,67416.03,0
16.5,,79.5,101387.32,0
14.7,,94.4,74864.15,0
3.0,26.3,33.6,43588.96,1
2.9,,41.8,40563.41,1
24.7,85.6,90.9,29926.32,0
18.6,84.3,67.7,82904.9,0
13.3,81.3,87.9,105806.18,0
5.4,21.6,33.7,29876.87,1
0.0,49.6,43.7,37714.94,1
3.1,,39.9,50600.64,1
17.4,85.9,82.5,77810.23,0
1.5,43.8,40.6,58191.64,1
22.4,95.9,80.1,54994.3,0
28.4,93.8,76.4,80798.84,0
16.3,88.8,91.7,60245.44,0
20.4,,83.0,70449.82,0
2.5,36.8,37.7,32675.3,1
17.9,,84.7,76916.3,0
24.1,,78.5,78759.27,0
19.0,85.2,72.1,68230.33,0
21.2,96.7,86.5,97754.21,0
1.9,58.5,42.2,53573.8,1
18.7,82.8,78.8,96508.24,0
5.1,43.6,53.0,24023.1,1
18.5,95.8,80.2,93423.39,0
6.1,56.1,42.7,34541.57,1
0.0,31.8,40.2,20270.22,1
2.5,52.7,31.4,53039.94,1
18.5,96.4,96.1,74821.6,0
6.3,,45.7,32309.04,1
2.5,47.5,33.9,61397.46,1
22.7,,82.1,90833.3,0
16.7,90.2,77.0,99680.33,0
22.0,76.1,79.4,85186.09,0
1.1,40.7,38.1,43831.04,1
17.2,81.8,79.7,81038.2,0
12.8,93.6,62.1,88576.63,0
3.1,12.6,53.4,18413.16,1
6.4,25.8,63.4,21950.97,1
17.9,85.9,74.6,74005.73,0
19.7,81.3,73.4,86216.96,0
16.0,80.2,90.4,66397.47,0
20.7,79.9,81.7,85915.53,0
5.1,40.2,30.2,37800.89,1
4.1,53.4,37.5,30837.39,1
22.2,86.9,77.0,75944.33,0
15.9,96.9,74.7,45934.26,0
0.7,44.2,42.7,43582.36,1
10.6,96.4,64.5,57619.43,0
3.6,45.7,31.7,29768.28,1
6.1,37.3,44.7,38504.12,1
4.8,52.6,52.6,36966.32,1
2.3,26.9,37.9,37351.75,1
17.4,84.7,86.5,47697.93,0
21.4,90.8,73.8,82151.55,0
17.4,86.3,59.4,89421.53,0
15.3,100.0,95.6,83389.4,0
18.6,94.3,82.5,43523.81,0
1.2,50.1,25.7,42370.71,1
19.4,83.6,79.5,61131.01,0
13.7,93.2,71.4,59837.11,0
6.0,80.2,74.6,76829.51,0
15.1,75.6,76.5,37514.47,0
3.0,54.6,25.3,41883.23,1
28.2,84.9,83.8,84524.17,0
14.6,92.6,78.7,77048.83,0
11.1,96.3,79.0,61423.83,0
6.1,51.8,43.6,42037.4,1
18.3,84.3,79.2,59409.45,0
2.8,29.2,28.1,10516.77,1
3.3,43.6,48.6,53863.22,1
8.0,44.7,28.5,59007.53,1
20.3,88.5,73.9,79544.78,0
20.8,92.2,74.7,52679.13,0
11.5,92.9,87.6,109138.08,0
6.2,35.9,46.0,41248.2,1
14.4,84.8,80.7,54465.97,0
,20.1,52.0,55271.97,1
20.1,100.0,100.0,53480.47,0
3.4,35.9,44.7,26327.9,1
23.6,89.2,100.0,57777.9,0
,96.9,77.0,76910.35,0
7.1,50.5,23.1,60182.33,1
24.0,83.4,100.0,76965.49,0
17.0,100.0,78.2,50147.7,0
24.9,88.0,76.3,60943.51,0
3.4,58.2,32.8,10418.32,1
15.4,91.9,67.1,49883.63,0
23.4,87.9,85.1,67819.35,0
22.1,81.2,76.1,59332.68,0
10.3,98.3,81.7,40562.52,0
19.2,76.4,72.5,47087.72,0
13.1,98.3,73.6,48486.65,0
20.1,82.7,85.6,113418.75,0
10.1,43.3,36.6,36001.47,1
15.9,83.0,71.5,83166.64,0
25.5,90.3,88.8,31734.56,0
17.8,81.7,86.8,111552.35,0
3.8,47.0,40.0,50131.35,1
12.6,89.2,76.8,107717.83,0
10.6,75.6,79.3,43966.19,0
1.0,51.7,40.1,40887.61,1
17.2,93.0,88.9,106462.78,0
6.6,40.6,48.7,20061.53,1
17.7,90.0,83.1,61755.87,0
21.9,84.5,66.7,73253.46,0
24.0,80.8,81.1,72687.41,0
6.3,,82.3,56058.1,0
17.6,89.8,100.0,60507.1,0
24.3,91.8,83.1,44751.34,0
22.6,100.0,95.3,74397.93,0
18.4,78.5,77.8,110908.8,0
,100.0,78.5,72195.15,0
5.5,32.1,40.9,42176.53,1
3.2,51.0,25.5,55826.92,1
30.4,96.4,64.0,63924.29,0
19.5,94.6,70.2,90680.23,0
5.7,28.6,47.2,32717.05,1
0.7,33.5,45.1,32882.86,1
15.5,100.0,94.5,74030.11,0
0.0,59.4,52.7,49175.04,1
4.9,85.1,79.3,39233.29,0
15.0,80.8,78.2,82507.76,0
21.0,97.8,67.8,77059.57,0
0.0,30.8,33.3,22746.58,1
1.9,57.3,42.6,29221.79,1
16.2,,77.2,80890.37,0
24.4,84.9,100.0,67793.28,0
17.6,99.3,94.5,78153.05,0
13.9,88.6,94.1,64126.2,0
19.4,80.1,71.6,55588.08,0
20.5,92.3,86.2,101303.32,0
7.6,57.5,35.7,46097.57,1
18.2,81.4,74.3,98592.22,0
20.4,100.0,86.4,130053.05,0
5.3,42.3,31.7,25456.92,1
4.4,44.4,45.7,20501.73,1
21.8,89.6,88.0,76420.42,0
11.2,50.0,27.5,48805.29,1
5.5,43.0,50.8,55368.52,1
19.0,94.2,84.0,84496.51,0
3.1,83.9,43.7,33545.28,1
0.0,65.1,43.6,56735.6,1
0.0,42.4,58.7,26078.02,1
4.6,43.2,53.1,18786.2,1
22.1,85.5,63.9,32560.1,0
6.1,47.1,36.7,40453.67,1
19.4,81.8,68.7,61888.44,0
15.6,98.6,73.2,39598.66,0
18.3,74.9,91.6,54953.15,0
23.5,97.9,87.3,38544.34,0
14.2,82.8,73.7,105705.2,0
14.3,86.6,75.3,57980.85,0
17.7,76.0,82.5,57625.44,0
12.5,79.0,79.5,71867.93,0
19.6,79.8,63.2,64783.68,0
13.4,98.2,83.1,73786.02,0
11.1,89.0,72.0,44968.94,0
0.4,34.4,32.8,56367.08,1
6.1,53.4,41.7,33459.42,1
19.0,78.7,90.1,61111.4,0
17.5,84.3,77.2,101920.82,0
15.1,79.4,85.4,68516.68,0
17.2,85.6,91.0,68074.47,0
18.3,82.4,53.6,50105.32,0
3.9,46.9,35.6,23051.2,1
2.4,60.5,34.1,17862.19,1
14.7,87.5,75.4,67275.63,0
1.6,32.1,41.9,55139.91,1
4.2,46.9,68.4,70373.18,1
5.1,33.6,21.8,29322.16,1
,77.3,98.8,76492.96,0
25.8,98.8,88.9,48212.22,0
15.5,97.1,76.2,36323.0,0
6.1,28.7,40.9,50105.19,1
5.9,35.2,48.5,34983.36,1
12.6,95.7,78.5,60994.67,0
7.9,44.8,62.2,41859.86,1
6.2,50.9,38.4,29119.79,1
4.9,42.7,54.9,40999.6,1
,46.9,51.7,47582.79,1
21.8,77.3,71.9,76488.27,0
2.5,49.6,17.9,54098.99,1
21.8,100.0,84.6,89229.87,0
15.7,89.9,94.5,79554.32,0
13.6,,78.6,65432.69,0
23.4,95.0,100.0,73061.65,0
22.3,92.6,76.3,112300.1,0
4.6,35.3,55.4,46850.46,1
13.2,79.3,73.6,56106.64,0
21.4,88.9,78.2,67065.11,0
15.6,88.4,77.7,60374.36,0
21.3,80.3,75.6,58958.62,0
0.0,42.5,49.0,47370.28,1
0.0,30.0,41.0,33553.8,1
9.5,96.2,81.1,23314.38,0
5.5,50.4,40.0,41191.68,1
2.2,60.5,29.2,46035.18,1
5.9,59.0,38.4,21702.78,1
18.7,85.8,89.0,57068.4,0
14.3,78.6,88.7,50017.08,0
23.7,84.6,93.6,60599.72,0
5.0,36.1,32.5,30154.11,1
2.5,48.5,41.1,52816.1,1
11.5,80.3,84.6,61101.39,0
16.9,84.9,76.0,90845.87,0
14.1,86.4,88.0,62796.47,0
19.2,92.5,90.4,87022.17,0
9.2,89.5,89.0,43107.96,0
15.8,82.9,78.8,103360.57,0
3.6,26.2,34.2,36880.57,1
17.2,86.1,78.3,98022.64,0
19.5,86.4,71.7,30927.69,0
25.9,98.3,74.3,32399.85,0
14.0,87.9,82.8,106458.45,0
15.7,95.5,83.0,94900.18,0
23.7,87.6,89.3,82536.86,0
18.7,90.6,67.8,68023.25,0
2.0,55.5,35.0,55294.55,1
25.6,91.7,63.4,59139.62,0
17.6,87.7,86.4,68521.85,0
16.5,90.7,93.4,38157.35,0
14.2,79.5,98.9,85186.82,0
1.6,49.0,51.3,24814.3,1
,75.8,80.2,87139.71,0
18.7,98.2,95.5,47987.55,0
12.3,89.2,95.2,46379.31,0
4.2,41.9,55.4,20838.92,1
19.5,84.5,75.1,68398.13,0
10.3,88.7,85.3,44103.9,0
19.8,87.4,81.6,61521.72,0
18.1,82.5,93.7,80287.28,0
11.9,82.3,77.5,48792.16,0
16.8,96.6,80.4,64389.53,0
6.8,54.9,36.0,52252.67,1
0.0,63.4,49.4,37147.15,1
18.5,100.0,67.6,65065.08,0
4.4,40.3,52.6,51368.09,1
8.0,40.6,39.9,14425.77,1
9.9,91.2,84.5,39611.62,0
4.5,39.3,45.1,71802.15,1
16.8,93.5,79.9,60967.33,0
22.6,86.4,81.7,93639.93,0
9.0,83.6,76.3,51530.59,0
13.4,95.8,83.9,34793.39,0
16.1,99.2,71.8,71847.33,0
11.7,78.2,82.6,36696.86,0
3.1,,27.8,28104.8,1
17.6,93.6,67.3,74918.01,0
11.8,93.5,77.7,85950.4,0
9.8,37.4,36.7,52858.85,1
15.0,100.0,100.0,64994.31,0
,34.3,40.8,17387.05,1
5.3,63.3,45.8,37507.74,1
20.8,77.3,77.2,81817.83,0
13.6,83.2,66.1,102824.14,0
20.8,88.4,69.0,111219.43,0
3.1,49.5,35.6,47800.7,1
19.9,85.7,66.3,109447.63,0
14.7,90.0,63.3,54950.08,0
18.0,88.9,76.4,58246.28,0
10.7,92.3,85.9,82327.42,0
18.1,87.8,78.2,90817.44,0
20.8,94.5,92.3,48346.61,0
19.3,75.5,75.8,96256.51,0
1.1,51.1,52.6,61539.84,1
14.3,89.3,85.5,78892.04,0
12.2,85.6,68.9,37517.99,0
11.4,86.8,82.8,97220.95,0
16.4,100.0,85.3,80040.91,0
9.9,40.8,32.4,49870.56,1
8.7,54.1,71.9,31341.98,1
,86.0,80.7,59407.08,0
20.6,82.2,71.9,68640.75,0
22.1,100.0,69.4,73124.71,0
14.8,94.2,77.2,51877.38,0
5.1,31.0,41.1,36566.74,1
20.6,87.8,74.6,35802.2,0
16.2,81.4,72.4,59875.29,0
5.7,34.3,47.1,51478.55,1
18.0,92.6,82.8,76188.11,0
18.7,100.0,74.3,68828.76,0
2.8,40.5,32.7,34014.47,1
2.5,40.3,37.1,24709.58,1
2.9,94.6,75.8,74582.43,0
10.5,82.9,72.7,50818.05,0
3.7,40.7,32.2,39054.7,1
17.5,100.0,72.9,57886.53,0
0.0,46.2,21.3,44437.18,1
20.9,85.7,63.5,47277.31,0
17.7,93.7,77.3,57717.48,0
11.9,86.2,75.2,58656.23,0
10.3,87.0,87.4,81792.76,0
16.5,100.0,72.8,60258.61,0
19.2,79.1,81.9,49372.74,0
11.0,88.8,94.1,68415.42,0
2.3,,41.2,56351.81,1
4.3,52.2,52.8,17795.99,1
22.2,95.7,95.7,65832.68,0
16.7,76.1,71.3,34316.1,0
2.4,29.5,43.7,32217.85,1
10.5,78.2,72.0,74025.61,0
19.6,90.9,92.2,48243.02,0
22.2,86.0,86.2,52499.45,0
18.2,85.7,86.7,24897.09,0
8.5,65.4,28.6,75769.67,1
3.3,51.2,30.9,39513.38,1
23.5,89.9,89.9,47115.86,0
3.5,55.3,30.6,10000.0,1
11.0,82.5,74.7,70538.1,0
16.2,85.7,75.4,92147.1,0
13.3,89.8,87.0,92138.81,0
14.3,89.1,88.6,72027.8,0
3.1,41.9,32.4,28074.22,1
21.1,96.5,74.9,69459.66,0
22.8,85.7,82.5,68919.63,0
3.2,25.5,44.8,41556.52,1
17.3,89.1,78.4,106281.42,0
9.3,87.5,84.9,96597.37,0
16.5,78.6,65.6,46185.53,0
15.2,99.5,88.5,34514.32,0
13.7,96.7,69.8,79901.37,0
15.8,94.5,92.8,56742.87,0
0.0,32.1,27.7,33253.28,1
24.0,83.6,91.3,67447.2,0
4.1,38.0,31.7,39996.05,1
20.5,88.3,87.4,39278.41,0
2.7,,51.8,31389.66,1
7.9,44.0,47.7,54643.41,1
21.0,94.8,70.8,82275.32,0
33.2,100.0,95.5,32186.84,0
16.4,89.9,75.6,60539.51,0
2.7,48.1,56.0,31528.55,1
3.6,53.2,32.3,33722.82,1
4.6,45.0,49.4,42886.27,1
4.7,66.6,51.3,62830.05,1
3.6,54.4,34.6,54914.7,1
7.4,54.4,37.1,37910.67,1
7.9,47.2,39.5,46260.68,1
27.7,80.6,78.1,79341.71,0
18.7,88.9,74.7,59922.13,0
2.4,51.6,48.3,46248.88,1
18.8,80.1,79.1,81601.83,0
4.3,42.8,28.5,44547.73,1
14.2,100.0,92.1,35428.32,0
21.5,95.9,59.1,45943.75,0
17.1,89.8,93.0,53214.23,0
15.0,,74.0,34159.01,0
5.3,37.3,35.7,28166.78,1
0.0,43.5,38.9,41784.8,1
19.3,91.8,90.9,75399.28,0
4.6,39.1,11.8,33350.9,1
4.0,63.4,61.4,61022.74,1
13.5,91.1,87.5,80000.96,0
,53.3,33.7,48498.82,1
23.8,65.6,80.6,114937.46,0
6.9,57.6,31.8,36996.04,1
24.1,98.5,81.2,81059.58,0
2.8,,37.7,36447.58,1
7.9,53.2,42.2,24596.16,1
9.4,44.1,16.1,62292.45,1
3.4,44.5,31.9,56465.41,1
26.2,90.0,74.1,57562.09,0
4.2,57.8,36.3,55961.25,1
21.9,90.5,78.6,82273.59,0
4.4,47.5,40.2,21633.85,1
1.0,58.8,48.7,15985.11,1
19.6,94.0,92.9,72265.89,0
,46.5,55.2,27231.19,1
8.7,90.5,70.5,92577.45,0
13.3,90.3,67.8,68019.04,0
3.4,42.5,41.6,44191.11,1
26.1,78.3,96.1,41226.19,0
18.5,87.8,97.4,92295.83,0
25.0,91.3,82.6,74048.36,0
12.0,79.8,80.3,80054.5,0
14.3,80.8,82.2,82438.27,0
1.5,36.2,36.6,25025.02,1
4.0,36.1,36.4,13911.17,1
19.6,89.6,77.6,94985.79,0
13.7,79.1,75.4,76442.85,0
18.4,96.4,94.7,63697.34,0
17.8,97.2,72.5,62560.28,0
2.5,51.4,21.6,10000.0,1
5.9,86.7,87.5,50332.97,0
12.6,93.5,83.7,83053.95,0
2.0,61.7,27.3,44587.65,1
18.5,78.4,83.4,56121.56,0
5.5,,26.7,36381.94,1
15.3,93.5,81.2,67723.55,0
23.7,100.0,98.2,64725.12,0
19.6,79.0,69.2,83046.25,0
12.9,79.3,69.2,59943.38,0
15.1,93.2,74.0,93815.89,0
19.7,99.2,78.8,56932.18,0
4.9,53.9,43.7,45913.84,1
7.2,45.9,32.0,34220.07,1
14.5,84.9,85.4,132782.28,0
16.6,,79.9,78450.39,0
6.5,55.6,42.8,19330.9,1
0.5,49.3,34.2,35318.04,1
0.0,41.7,34.1,54277.33,1
0.2,40.2,57.5,45768.39,1
,91.8,72.8,63099.69,0
1.5,58.1,50.3,60348.68,1
14.7,92.6,81.5,80365.25,0
5.2,,50.9,66087.1,1
8.5,58.0,26.7,34062.94,1
5.6,32.4,30.8,36693.86,1
16.8,85.7,93.6,44847.41,0
14.6,88.0,77.0,84395.83,0
7.1,22.2,52.6,20948.73,1
23.2,90.3,80.3,84516.34,0
15.6,91.2,86.0,48352.02,0
15.5,91.8,83.6,55018.42,0
14.9,92.9,89.6,59470.3,0
26.6,87.2,57.2,81621.36,0
8.4,40.6,43.2,30681.48,1
17.2,84.8,71.1,82442.9,0
20.6,,74.6,51038.76,0
13.0,79.1,65.2,61202.23,0
3.6,38.0,54.9,16338.86,1
0.7,46.9,49.6,30021.37,1
0.9,35.3,36.8,46384.61,1
2.7,48.0,41.1,41224.56,1
8.4,53.5,39.2,35330.45,1
20.0,94.9,81.9,38519.34,0
11.7,91.2,81.8,90833.93,0
16.9,94.2,80.1,81606.04,0
13.0,77.0,80.1,50781.32,0
5.7,62.6,25.2,28725.06,1
23.1,76.1,72.5,65528.2,0
1.7,42.5,14.5,69894.73,1
7.2,83.8,83.5,88076.05,0
23.7,83.0,77.8,61857.0,0
0.0,53.1,44.3,45157.66,1
5.8,53.3,57.6,54747.06,1
10.1,79.9,70.9,44920.49,0
11.6,79.0,76.8,43767.57,0
14.6,88.7,71.9,76617.82,0
1.0,64.0,29.6,56691.08,1
27.4,95.9,68.9,98962.35,0
3.9,,90.8,70050.08,0
16.0,87.0,72.7,65198.43,0
17.5,100.0,95.2,77096.0,0
9.6,35.6,28.7,28142.07,1
22.8,94.9,85.1,55565.68,0
22.9,76.7,72.5,99463.83,0
2.3,57.7,32.0,38847.58,1
12.1,80.1,78.9,31747.78,0
20.6,86.1,80.8,81815.62,0
27.1,84.4,75.3,76678.27,0
2.5,53.4,44.0,48320.37,1
15.6,95.6,86.6,71757.16,0
11.3,98.1,92.2,90116.57,0
19.4,97.3,66.0,110190.79,0
5.8,30.5,21.2,80597.04,1
19.0,,97.0,66206.77,0
16.7,95.1,80.2,26513.15,0
17.5,81.8,81.7,85938.65,0
7.7,54.3,31.0,60873.29,1
3.2,57.7,41.2,11251.12,1
21.1,88.7,76.7,59136.54,0
26.6,87.4,99.0,75474.79,0
14.3,75.1,62.6,79892.28,0
23.8,100.0,87.0,125150.7,0
21.7,95.5,83.0,38975.69,0
18.8,90.9,86.0,91966.46,0
16.0,91.3,72.5,62985.45,0
17.1,83.4,83.8,130184.13,0
14.4,84.5,85.5,83012.91,0
20.4,85.4,72.8,71527.66,0
5.8,38.9,41.6,46947.29,1
9.0,51.5,31.6,36600.07,1
18.7,89.1,84.9,61402.12,0
22.7,86.8,92.2,102129.3,0
12.0,38.1,43.1,31948.2,1
7.4,68.2,36.8,12373.6,1
16.7,78.9,73.9,104633.86,0
13.6,90.2,81.4,76949.77,0
32.3,86.3,88.4,85681.38,0
1.4,49.2,30.3,35521.0,1
4.7,64.2,50.8,26622.11,1
7.5,52.3,53.8,57007.71,1
19.2,,84.1,76037.07,0
15.2,84.9,73.9,57578.23,0
7.9,81.9,86.7,68758.24,0
22.5,82.9,88.0,79402.37,0
4.4,33.2,32.2,34905.92,1
17.6,94.8,87.1,53748.31,0
17.6,72.1,81.0,72814.71,0
14.8,84.0,76.2,46061.25,0
20.1,89.2,84.7,95803.85,0
,90.0,82.6,52261.24,0
23.8,82.6,81.9,64632.1,0
7.3,49.2,36.7,36938.18,1
20.3,86.2,95.2,62016.7,0
6.1,34.6,23.0,10131.3,1
1.4,36.0,24.3,62770.3,1
23.7,,75.4,65122.13,0
15.3,100.0,73.2,66614.93,0
14.9,82.5,82.0,55129.42,0
18.0,,66.1,55834.47,0
0.7,51.6,40.8,44025.2,1
18.7,89.5,72.0,80196.77,0
16.0,76.9,77.1,44472.29,0
6.8,45.9,28.3,36500.34,1
2.0,41.5,39.4,33670.35,1
10.4,92.7,82.4,67021.29,0
9.4,56.5,32.9,48181.85,1
9.2,92.6,63.8,56692.31,0
28.4,100.0,74.5,54961.17,0
2.2,42.2,58.6,24860.55,1
23.0,91.6,84.2,54299.46,0
16.0,100.0,81.1,80480.32,0
27.3,100.0,83.7,76248.4,0
19.9,72.7,78.4,87042.68,0
23.2,89.3,58.9,86235.36,0
3.0,59.3,35.1,39984.67,1
7.7,77.5,63.7,71012.22,0
3.8,41.6,32.9,25042.7,1
7.7,62.6,52.2,47128.44,1
6.9,38.0,64.1,20208.95,1
4.3,64.6,21.0,52699.41,1
3.7,49.6,26.9,21541.17,1
2.7,34.9,30.8,48651.89,1
19.4,91.8,64.7,57782.24,0
21.3,88.0,90.7,34605.78,0
14.2,99.4,81.2,69522.58,0
1.1,20.0,128.12051459058276,16297.67,1
10.5,91.9,71.9,74639.61,0
7.1,45.9,33.4,34595.48,1
4.7,43.8,37.7,21311.46,1
3.1,58.3,44.9,43329.99,1
13.9,99.3,66.1,99052.83,0
12.1,88.6,70.5,53827.08,0
18.8,97.4,90.0,52700.76,0
5.5,46.5,26.1,35820.18,1
20.7,86.4,78.0,53166.9,0
7.3,37.9,44.8,45973.19,1
1.8,48.9,30.4,47111.62,1
13.6,81.2,84.6,77713.72,0
20.6,86.8,66.6,35021.24,0
19.2,79.8,82.8,39364.4,0
13.7,100.0,85.2,82610.62,0
21.0,93.7,85.6,65060.7,0
0.0,53.6,45.7,40421.56,1
21.0,100.0,94.3,50771.69,0
6.2,82.0,95.5,62456.72,0
5.5,36.1,49.1,51905.03,1
4.5,35.7,47.6,63014.3,1
20.8,80.3,78.6,96427.42,0
3.4,35.9,49.9,47748.77,1
13.4,80.4,76.8,52665.09,0
24.1,94.2,90.7,106080.08,0
0.7,23.5,41.1,56969.31,1
15.1,77.5,87.6,44021.03,0
19.5,89.3,89.2,67969.31,0
8.2,82.4,80.7,44417.99,0
0.0,19.5,58.0,37040.29,1
20.6,94.9,81.6,57008.56,0
20.4,87.1,70.2,74715.54,0
23.5,85.0,79.6,39341.16,0
1.3,39.2,38.5,47433.85,1
8.7,45.4,45.8,46616.28,1
5.1,59.1,44.5,54052.3,1
24.6,87.0,92.3,87508.19,0
8.4,16.3,45.6,35093.26,1
12.1,85.6,69.1,46155.99,0
12.8,100.0,86.9,12545.76,0
10.4,100.0,80.5,60358.11,0
17.2,,90.2,60745.59,0
6.1,31.3,46.9,10000.0,1
6.7,34.6,35.1,59812.39,1
3.6,,58.7,25943.95,1
16.4,100.0,82.2,66377.36,0
23.2,83.5,65.6,37680.54,0
15.7,96.7,78.9,111375.59,0
0.0,25.6,39.0,18387.45,1
11.1,83.9,89.8,76783.63,0
,100.0,68.5,87880.54,0
21.4,85.5,77.0,25818.42,0
5.4,29.1,46.1,36144.35,1
8.7,59.3,24.7,52555.35,1
30.2,97.7,86.3,78984.42,0
16.0,87.6,76.6,94257.07,0
3.9,50.1,37.7,53381.53,1
,67.9,38.6,49833.01,1
1.7,42.9,43.8,44631.8,1
2.2,75.1,51.3,55150.24,1
21.0,100.0,65.5,56452.75,0
21.4,77.9,92.3,89642.25,0
7.6,94.4,67.6,70066.07,0
18.7,94.9,62.6,56014.67,0
0.0,22.9,44.3,26490.4,1
12.1,79.9,78.1,76533.22,0
19.6,80.4,72.5,68978.46,0
16.6,88.3,85.1,101376.73,0
22.2,82.2,83.3,72298.72,0
6.3,38.4,47.7,29603.27,1
16.6,79.2,78.3,55243.34,0
21.3,86.2,81.4,95347.2,0
9.1,84.7,85.7,59496.33,0
3.7,24.6,61.0,61828.6,1
12.6,81.0,85.4,69308.94,0
6.0,16.4,33.4,38915.52,1
11.0,89.6,89.5,83336.52,0
14.1,94.0,79.0,61859.28,0
2.9,35.9,34.7,64058.05,1
,37.2,46.7,49941.3,1
3.8,63.6,32.1,48503.96,1
26.6,94.8,70.9,48110.38,0
,36.7,34.5,16765.37,1
18.9,87.0,80.6,62957.97,0
,86.1,70.4,88883.2,0
1.7,70.1,60.6,23626.22,1
1.5,50.9,31.3,47325.57,1
21.2,84.2,73.4,48766.19,0
10.0,87.0,87.0,100543.7,0
18.9,85.2,71.0,82673.94,0
9.8,53.7,42.8,43670.08,1
3.3,27.9,24.0,72351.32,1
13.9,84.1,68.7,91667.39,0
22.4,82.7,73.2,87366.74,0
18.1,97.4,97.8,114158.58,0
4.1,41.4,49.9,27161.78,1
0.0,21.6,36.7,25262.74,1
13.9,85.3,78.6,60873.66,0
0.0,52.8,36.8,13355.96,1
4.2,31.5,37.0,57169.74,1
22.9,92.1,80.9,45161.76,0
14.2,94.5,91.8,82162.75,0
13.2,95.2,80.9,108886.61,0
17.5,76.8,85.2,105766.77,0
18.4,88.7,88.1,38421.77,0
18.3,78.7,85.6,114888.13,0
,86.4,76.5,59503.78,0
23.8,83.5,87.7,100775.55,0
0.0,53.8,43.1,17094.39,1
16.4,88.1,68.1,66258.15,0
25.3,79.2,84.1,68100.01,0
16.6,84.3,79.3,66670.51,0
20.8,94.3,82.7,45754.06,0
6.7,92.5,77.3,77530.49,0
11.2,92.3,91.0,71020.43,0
1.2,34.4,28.2,87371.1,1
0.0,19.9,30.2,43024.49,1
4.6,40.0,38.9,38081.99,1
20.7,89.5,68.7,120840.68,0
22.7,88.7,93.9,63426.95,0
18.9,,86.0,100268.67,0
10.3,98.3,85.8,67488.85,0
3.3,50.1,47.8,42032.86,1
2.8,61.2,53.0,43195.06,1
23.2,98.5,76.9,73408.09,0
1.2,26.1,51.8,57416.39,1
15.3,100.0,70.6,72697.48,0
12.2,100.0,76.2,92174.08,0
8.5,36.3,45.2,54585.94,1
19.3,81.8,79.7,95125.62,0
5.1,66.6,42.3,19463.62,1
17.1,82.1,82.9,78100.09,0
10.5,52.6,35.9,66942.21,1
3.4,27.0,50.7,30841.98,1
20.5,84.1,75.7,51263.32,0
18.1,96.7,79.0,73065.07,0
28.5,90.1,72.2,71178.02,0
23.6,99.3,78.3,69539.6,0
18.6,88.0,63.0,95995.95,0
22.8,,87.1,56606.3,0
15.4,83.8,84.4,61713.04,0
21.2,85.7,62.5,51525.09,0
7.8,53.3,39.9,34355.43,1
7.0,33.4,34.6,10000.0,1
17.6,100.0,78.7,39184.94,0
13.4,75.9,85.0,61913.8,0
7.4,38.5,45.9,33839.61,1
2.6,,47.4,23303.15,1
3.6,31.8,39.1,28431.4,1
26.9,89.5,80.9,66870.74,0
18.0,79.6,75.6,66280.82,0
12.3,99.8,71.6,75193.42,0
8.4,28.2,53.2,39026.8,1
6.3,42.2,43.9,32928.19,1
0.1,36.3,52.8,10000.0,1
0.5,52.2,34.1,26328.49,1
17.3,78.6,83.2,102775.22,0
0.0,46.2,42.8,51249.92,1
6.0,41.0,43.5,49123.64,1
15.8,87.4,96.1,93118.96,0
17.2,85.8,97.0,32264.49,0
14.3,82.2,69.0,24689.04,0
8.4,69.4,29.2,10000.0,1
2.9,32.9,25.2,50789.06,1
21.8,,78.3,31999.24,0
12.6,88.9,81.7,53619.84,0
4.8,35.0,56.0,26961.69,1
19.8,76.3,60.9,64179.48,0
23.3,93.1,85.4,70599.54,0
5.2,30.6,36.4,70439.46,1
19.2,86.7,93.8,51060.29,0
6.3,18.7,33.7,41747.18,1
24.2,79.5,93.9,70067.44,0
16.8,100.0,79.8,47056.89,0
23.5,88.9,75.1,41697.5,0
15.2,84.7,80.1,77673.42,0
26.7,75.9,69.0,49907.77,0
23.2,89.3,78.6,79106.04,0
14.8,79.1,70.7,40927.93,0
17.4,82.8,73.5,36363.41,0
9.0,56.9,47.0,38248.62,1
11.5,77.2,73.8,49008.81,0
21.9,82.0,78.2,38818.25,0
22.1,77.8,83.0,44970.59,0
24.5,99.8,82.5,53778.88,0
20.6,85.8,87.1,76271.85,0
16.8,98.4,88.9,61614.77,0
9.9,89.7,80.6,43083.37,0
21.1,93.2,92.9,86474.11,0
22.5,89.2,93.4,43664.61,0
19.0,84.9,87.5,122784.12,0
17.6,98.7,71.7,44677.95,0
20.5,83.7,83.4,84833.14,0
19.5,81.4,80.7,92978.9,0
21.7,83.6,80.4,48253.17,0
10.9,97.4,72.1,77244.17,0
,96.3,86.4,35348.77,0
17.8,94.3,76.8,54605.52,0
28.1,81.7,71.2,54963.65,0
0.0,57.4,23.9,38231.13,1
18.3,81.7,69.2,11652.74,0
13.6,85.0,62.8,65100.95,0
1.4,34.9,41.9,13678.46,1
4.8,26.5,65.2,53741.42,1
22.9,83.4,55.2,61111.32,0
2.5,42.6,45.5,14052.62,1
0.0,58.8,44.2,61669.06,1
15.8,82.5,78.4,52549.5,0
5.2,34.0,47.1,31429.57,1
15.2,77.3,72.6,50751.39,0
,100.0,79.7,68892.51,0
15.4,90.0,80.1,56806.36,0
27.4,80.3,81.0,61430.6,0
17.0,92.3,73.6,72181.41,0
21.6,90.6,82.5,78955.74,0
19.7,87.5,60.3,95825.79,0
10.9,88.9,82.3,73494.19,0
27.9,88.4,93.8,59309.03,0
6.9,31.6,21.8,28863.33,1
11.6,96.1,73.0,82601.69,0
13.6,84.4,85.6,73202.44,0
12.5,84.8,75.3,43693.48,0
27.1,85.4,83.8,48046.6,0
12.2,91.8,77.8,90266.47,0
1.8,44.4,34.3,28662.11,1
0.0,21.4,47.4,41477.28,1
21.6,95.9,83.3,104651.89,0
18.1,74.1,83.4,70525.62,0
15.0,85.9,78.5,44087.45,0
,81.8,98.4,73149.02,0
15.1,83.5,70.0,96820.68,0
6.2,35.3,53.1,37210.32,1
18.8,98.8,79.6,101296.61,0
13.5,80.6,78.2,62657.26,0
10.7,80.0,79.6,81632.26,0
26.4,92.4,47.3,38193.98,0
21.0,82.5,93.3,90727.99,0
18.3,85.0,74.4,91854.75,0
1.1,56.0,41.6,51980.96,1
1.0,46.5,44.5,22864.27,1
17.1,98.3,74.1,60044.68,0
9.6,89.6,67.2,51909.93,0
19.2,89.7,82.8,64487.38,0
14.8,88.1,77.6,66132.08,0
21.1,94.3,66.6,46276.15,0
23.8,100.0,84.2,103959.31,0
12.9,85.1,74.2,41430.38,0
4.7,47.8,40.7,32158.25,1
19.2,68.9,84.1,69190.9,0
27.6,83.8,95.2,101054.45,0
21.8,100.0,87.8,80316.09,0
12.5,84.8,81.5,51485.37,0
5.8,55.7,38.7,14797.0,1
1.5,37.4,46.8,55313.59,1
15.5,88.1,75.8,64716.94,0
3.6,20.8,49.4,43081.01,1
2.9,55.8,44.9,60562.76,1
5.3,28.1,47.9,24944.34,1
13.6,88.0,89.1,87074.92,0
24.6,93.3,88.2,92847.71,0
7.6,55.6,39.3,37839.99,1
20.6,87.8,85.7,45829.7,0
11.7,70.3,78.2,59089.9,0
12.1,84.9,68.0,48472.72,0
2.5,35.8,49.5,77564.75,1
13.4,79.8,78.9,62974.4,0
4.2,53.9,40.7,16478.22,1
7.0,64.9,34.8,25562.5,1
2.0,37.4,40.5,35619.19,1
6.0,46.5,19.9,52020.91,1
12.3,79.5,78.7,52338.25,0
24.8,78.5,79.6,72218.22,0
15.9,80.3,84.6,82078.18,0
6.9,56.7,47.7,14982.59,1
5.2,37.6,33.8,18346.17,1
1.2,51.4,51.4,58683.82,1
24.5,84.7,71.9,70902.6,0
18.6,83.7,67.4,62335.71,0
1.9,47.1,59.5,43022.8,1
18.4,73.0,98.1,52856.67,0
3.3,40.3,56.8,39147.89,1
18.1,94.4,82.7,50918.81,0
20.4,86.5,81.5,81398.81,0
15.8,99.6,78.1,67267.47,0
7.0,61.4,41.8,48655.66,1
18.7,74.7,70.6,55290.2,0
3.9,63.4,55.9,21831.73,1
22.5,86.8,58.9,76716.49,0
20.7,96.4,53.2,49622.78,0
3.3,43.8,29.2,35128.92,1
18.2,91.7,55.3,51598.89,0
15.3,86.8,71.4,54775.16,0
19.1,76.4,76.6,100005.14,0
4.0,30.2,36.5,16366.35,1
19.5,81.6,73.5,78091.71,0
0.0,70.0,31.5,48983.69,1
13.2,88.9,84.1,50540.06,0
8.8,59.0,61.6,49672.04,1
5.4,52.2,30.0,65409.37,1
11.7,98.2,80.7,67503.64,0
22.1,100.0,72.6,62275.1,0
3.2,53.6,49.6,70788.36,1
,52.1,53.5,46095.15,1
30.9,77.0,84.8,83149.13,0
18.5,75.1,58.4,71568.35,0
9.8,98.2,89.4,67465.24,0
21.1,100.0,75.1,63448.12,0
16.2,94.5,68.2,105137.09,0
5.5,33.9,38.4,72289.89,1
5.0,63.0,32.7,27688.05,1
6.4,49.8,56.5,53287.61,1
17.3,88.6,86.6,38052.12,0
28.2,79.9,81.3,90576.27,0
15.3,95.5,75.1,69609.94,0
16.9,85.8,89.7,94570.59,0
21.2,75.1,84.4,96352.45,0
18.0,93.3,68.9,63732.47,0
14.9,80.8,65.9,68389.13,0
16.6,91.0,73.4,18734.2,0
17.9,91.7,79.5,66161.06,0
24.6,80.9,98.7,72720.98,0
17.5,,88.9,49819.89,0
12.3,99.7,93.6,64050.72,0
12.7,88.1,76.8,48952.56,0
15.0,77.2,84.8,85000.03,0
20.3,92.7,91.4,33998.86,0
17.7,79.0,79.0,77597.99,0
4.6,46.8,38.3,51741.22,1
3.8,48.9,40.5,49275.65,1
3.8,75.7,58.6,56947.25,1
17.7,83.2,83.7,88079.08,0
13.2,88.2,62.7,31798.39,0
0.0,45.4,22.8,44013.88,1
10.1,100.0,79.8,108314.89,0
5.4,32.9,33.0,41616.66,1
7.8,33.9,31.3,44723.93,1
4.6,57.9,46.9,24967.92,1
29.6,87.4,64.4,102000.15,0
17.6,99.0,99.8,68502.01,0
15.0,89.1,68.7,57788.37,0
17.2,95.8,81.4,94297.46,0
21.3,81.9,71.8,69563.62,0
11.2,,97.6,50819.11,0
16.5,86.8,90.0,57909.25,0
4.7,41.1,57.0,35969.3,1
1.0,59.8,36.4,43157.68,1
12.8,94.4,82.2,71834.46,0
1.3,22.3,44.8,23509.16,1
3.1,43.9,34.1,33640.61,1
24.6,90.2,80.6,118746.09,0
,100.0,85.7,61901.04,0
22.7,,81.4,68973.84,0
10.5,81.6,69.9,65559.06,0
2.5,,43.8,38833.89,1
14.9,87.2,83.6,77935.38,0
11.5,85.1,84.4,57764.47,0
8.3,61.3,27.0,37122.6,1
13.0,73.0,82.2,104837.01,0
20.7,90.7,80.3,80811.62,0
19.2,76.6,77.6,63879.67,0
22.9,79.1,94.3,92349.51,0
12.9,82.0,82.1,73182.87,0
16.5,93.6,83.7,90235.05,0
16.0,81.6,100.0,63999.89,0
5.2,44.3,18.7,39523.58,1
3.8,54.2,33.7,20212.62,1
19.1,73.9,90.8,70273.37,0
6.0,95.2,68.0,97811.4,0
2.0,26.8,39.2,69648.65,1
15.0,85.7,79.2,56690.41,0
20.9,85.4,82.1,32925.35,0
21.4,83.7,77.1,69749.08,0
18.5,77.1,94.7,65743.14,0
3.0,31.5,58.3,36854.51,1
3.9,38.0,23.4,65348.8,1
11.8,94.4,70.6,48460.18,0
23.9,90.6,69.8,64787.67,0
18.1,99.6,72.3,83027.33,0
15.5,81.1,80.1,58770.11,0
2.7,35.6,40.2,52064.72,1
13.6,96.0,64.5,40357.45,0
21.8,77.6,93.2,94601.45,0
20.5,90.8,76.1,63729.87,0
9.7,84.6,81.1,71739.62,0
26.0,80.9,93.8,36985.58,0
23.0,96.7,65.5,90905.16,0
24.9,86.0,76.7,76389.25,0
16.8,89.3,80.5,60177.8,0
18.8,100.0,90.1,54941.56,0
18.4,78.8,87.2,63702.52,0
24.5,,52.9,80840.76,0
21.2,91.2,77.5,80286.33,0
4.1,23.3,24.9,52708.08,1
22.2,87.3,88.3,83865.79,0
13.9,84.0,76.0,45229.57,0
10.8,87.5,83.9,53150.42,0
19.0,72.0,78.3,53664.37,0
17.1,83.7,98.9,61994.29,0
15.4,88.8,86.9,32258.13,0
20.5,88.1,89.4,42366.4,0
22.9,91.4,78.1,76864.56,0
21.0,81.9,78.0,67497.67,0
4.5,36.1,37.9,54839.67,1
12.6,91.1,72.0,81409.16,0
10.8,38.4,42.3,60517.46,1
20.6,86.8,83.9,66083.28,0
133.60078353455907,36.3,33.0,46801.32,1
26.5,86.0,84.2,75552.39,0
15.1,94.0,73.4,65355.96,0
3.2,35.9,28.6,48625.58,1
21.8,89.9,62.0,73320.14,0
20.2,84.8,70.6,81871.77,0
22.9,92.8,99.0,54091.86,0
18.3,82.3,60.7,89785.44,0
20.1,92.1,90.5,81350.49,0
6.9,27.3,31.3,26839.86,1
25.0,83.1,100.0,62528.81,0
23.9,98.5,85.8,60153.02,0
17.4,100.0,81.9,100486.6,0
20.6,84.6,64.5,62044.0,0
15.6,89.9,73.5,63295.74,0
16.8,86.4,84.5,87617.55,0
3.1,25.9,38.6,25926.11,1
5.6,31.4,50.0,13439.61,1
14.0,73.3,87.4,64320.0,0
18.0,87.3,73.7,114018.48,0
13.2,92.1,91.6,101524.49,0
7.0,54.6,41.9,29210.22,1
20.0,96.1,79.3,55865.01,0
13.7,88.6,70.5,83910.01,0
3.0,75.4,52.8,54050.21,1
19.5,86.8,82.8,82334.88,0
28.0,84.6,86.5,119449.43,0
5.9,43.6,56.8,25211.3,1
18.4,80.4,80.6,58909.31,0
23.2,84.5,86.7,82702.57,0
7.6,93.3,60.0,88343.31,0
,81.5,80.6,75646.63,0
21.5,90.3,71.6,100087.7,0
17.8,91.7,65.7,58677.06,0
10.1,89.2,73.2,46264.57,0
3.5,78.7,89.8,90533.64,0
27.8,83.4,79.2,27083.36,0
9.0,94.2,81.6,31482.69,0
0.9,26.7,31.5,27137.91,1
11.4,37.9,39.4,22081.16,1
5.9,35.4,41.6,43658.2,1
1.8,48.1,51.5,16255.63,1
18.1,96.6,81.6,84064.02,0
14.9,80.5,83.1,44749.68,0
11.1,,78.4,33483.73,0
1.9,45.8,59.5,41827.95,1
14.1,91.6,85.1,10000.0,0
8.5,92.2,80.6,56229.67,0
6.5,55.9,144.9259834864112,11622.84,1
18.2,89.7,72.1,117950.43,0
12.5,76.6,65.9,48685.07,0
10.0,82.4,69.7,85058.22,0
12.6,76.1,95.7,62289.43,0
24.6,82.2,70.4,85054.21,0
26.3,80.8,65.1,55504.15,0
,80.5,79.2,71428.24,0
4.3,48.0,46.8,46239.47,1
2.2,61.0,55.4,28763.06,1
,28.2,26.6,29489.13,1
7.0,33.4,41.1,30882.31,1
14.2,94.4,79.1,64139.99,0
0.0,37.5,23.5,43414.59,1
15.8,100.0,79.9,65753.91,0
0.1,45.4,34.2,23315.6,1
20.2,79.7,61.3,136705.36,0
22.0,95.8,68.4,99697.94,0
13.5,87.0,90.2,52475.09,0
9.3,79.3,82.4,79551.52,0
4.7,43.0,54.2,39760.62,1
18.0,83.2,71.4,55248.76,0
25.9,100.0,82.3,82607.28,0
23.7,98.4,73.9,51416.4,0
30.4,91.8,83.8,54190.31,0
7.0,41.8,35.0,54215.95,1
16.9,81.1,50.2,64888.69,0
6.8,81.8,82.5,42887.33,0
16.8,83.8,67.7,50669.59,0
19.8,81.9,65.5,43768.98,0
18.5,88.5,91.5,41774.89,0
20.0,95.3,76.8,113736.02,0
10.1,83.0,91.1,52149.78,0
28.3,96.4,68.9,52255.61,0
26.2,92.2,85.3,68112.31,0
22.0,72.0,71.8,44331.93,0
0.4,44.7,19.3,24548.24,1
11.4,98.2,85.4,59367.49,0
16.9,87.1,89.5,79823.46,0
20.7,100.0,64.1,111256.66,0
17.9,90.1,85.9,41787.76,0
5.2,40.3,37.9,75205.54,1
4.9,38.4,30.8,27672.63,1
10.8,34.7,52.9,31933.37,1
6.4,83.9,81.3,84905.02,0
19.3,87.1,68.8,24391.68,0
1.1,32.0,32.0,39126.91,1
4.3,52.9,49.1,44499.35,1
18.0,73.3,93.3,111287.78,0
0.4,48.8,58.1,34825.57,1
21.1,84.3,89.3,59523.63,0
18.1,78.4,74.9,72911.95,0
4.3,33.8,45.2,22046.93,1
7.8,34.0,47.4,60023.12,1
,45.3,44.4,21040.89,1
16.4,78.7,88.2,87469.74,0
19.3,82.8,90.0,57166.65,0
11.0,91.0,89.1,55930.66,0
9.1,90.4,79.3,67249.15,0
0.2,32.7,31.7,25161.06,1
22.5,90.7,89.8,69889.2,0
3.2,40.9,39.6,63716.65,1
34.1,87.8,80.6,79178.0,0
17.0,91.4,77.2,89220.52,0
3.5,53.8,30.0,50893.15,1
3.3,59.5,49.8,42335.28,1
14.9,82.5,75.3,49706.58,0
17.2,92.4,72.1,97457.77,0
18.5,82.3,72.8,59933.03,0
14.4,83.7,83.3,75617.95,0
19.1,78.5,82.9,58772.11,0
8.3,90.5,76.4,44710.15,0
24.7,94.8,87.1,91631.19,0
22.2,84.4,72.3,55523.65,0
7.5,90.4,72.8,72253.96,0
18.1,88.3,80.5,68738.85,0
25.4,81.3,67.4,78732.15,0
20.9,100.0,78.3,83109.71,0
4.8,45.4,25.8,44494.62,1
9.2,100.0,88.6,52685.23,0
11.3,78.9,72.8,89403.34,0
13.0,94.5,80.8,91991.67,0
19.8,91.2,69.4,63840.86,0
14.6,81.6,53.6,70181.2,0
18.1,77.2,73.0,83418.74,0
7.0,42.1,59.6,31886.32,1
14.6,85.2,68.9,72281.48,0
18.9,80.0,86.6,120707.7,0
0.0,38.0,42.6,37721.54,1
24.1,87.2,87.7,75314.14,0
22.9,97.8,73.0,84598.42,0
16.7,80.1,77.1,60791.64,0
5.3,93.6,73.6,69745.17,0
11.1,77.9,177.75190130967795,32490.9,0
11.2,94.2,96.0,59116.81,0
16.8,84.2,67.1,61912.6,0
16.0,100.0,90.5,50195.92,0
18.3,99.0,84.7,72161.38,0
15.4,98.7,71.3,66510.32,0
19.4,89.9,79.3,76960.35,0
3.8,48.9,37.8,38757.66,1
17.4,100.0,75.8,54957.4,0
1.8,39.9,48.9,54295.12,1
13.8,78.8,80.1,66460.61,0
16.7,90.7,72.2,55835.32,0
2.3,51.8,10.1,45778.08,1
12.0,86.7,72.4,70674.9,0
19.7,97.5,78.5,75864.14,0
23.4,98.2,70.9,88706.07,0
27.8,89.6,86.5,71700.92,0
15.3,85.3,86.0,54542.93,0
3.0,70.2,39.5,48085.75,1
21.3,87.6,79.3,44308.69,0
29.0,95.3,73.2,67933.86,0
14.8,84.0,62.0,54094.59,0
24.3,70.7,71.3,70302.62,0
4.9,47.3,36.7,10000.0,1
19.5,77.8,66.1,59643.39,0
10.9,71.6,70.6,85810.66,0
3.0,56.2,44.3,29161.66,1
16.5,87.5,66.2,58594.87,0
18.7,83.6,84.7,74944.51,0
22.0,90.0,76.8,90095.82,0
,87.6,87.2,88429.46,0
25.9,81.7,84.0,37796.98,0
19.9,91.9,89.4,76347.48,0
14.4,91.5,75.8,45644.15,0
20.4,100.0,79.1,107518.21,0
17.9,95.7,82.6,81790.16,0
9.8,94.1,85.2,43554.26,0
,99.5,85.4,67621.17,0
0.0,45.5,49.6,36457.33,1
4.1,25.0,67.4,53739.03,1
14.6,83.5,100.0,69316.53,0
21.5,95.4,75.5,76794.67,0
23.8,100.0,80.1,44079.02,0
17.2,,82.0,102711.99,0
19.2,90.4,69.8,86807.38,0
20.5,94.5,76.7,92506.53,0
4.3,49.6,53.4,45520.97,1
18.7,93.1,78.1,84828.3,0
23.8,96.3,67.0,58755.56,0
15.7,90.7,64.2,57101.71,0
0.0,31.6,37.8,10291.42,1
23.5,75.0,95.1,63477.09,0
15.2,90.1,70.5,71961.11,0
18.6,94.8,83.8,76990.94,0
14.1,97.4,80.2,53572.21,0
14.4,79.6,85.1,52516.91,0
22.6,92.5,78.3,114168.16,0
21.3,81.4,82.4,46440.67,0
15.0,,70.2,47517.68,0
11.0,79.3,84.5,39023.37,0
17.5,92.9,72.1,59367.79,0
22.2,86.1,74.5,71933.08,0
19.2,91.3,81.0,97920.55,0
12.2,81.2,79.2,78907.53,0
4.5,41.7,61.7,39059.76,1
11.2,79.0,93.9,103026.24,0
11.0,96.0,90.0,34071.09,0
13.5,81.8,65.8,26274.43,0
,93.5,100.0,78111.45,0
17.0,88.4,89.7,89613.44,0
19.8,84.0,86.5,68584.39,0
,99.0,87.7,65666.08,0
17.3,91.1,79.3,75480.89,0
14.6,92.7,98.2,35393.75,0
13.5,84.2,66.9,80091.29,0
12.4,100.0,83.6,27251.03,0
13.3,100.0,80.4,27954.29,0
11.4,78.5,73.1,79130.66,0
17.0,,75.0,47468.12,0
16.6,85.9,83.0,43338.4,0
1.9,37.8,66.3,30162.61,1
18.6,91.4,82.3,61211.39,0
22.3,88.9,100.0,79923.23,0
5.3,55.3,45.3,29744.98,1
3.2,48.9,50.2,27715.02,1
1.6,53.1,55.6,34678.72,1
15.4,80.6,75.1,75229.63,0
15.7,70.8,80.7,23550.26,0
5.0,55.4,47.2,46903.84,1
20.6,100.0,78.0,66019.77,0
16.9,87.1,79.6,38864.67,0
14.9,79.0,83.5,63507.91,0
12.6,71.9,88.4,81190.94,0
19.2,81.0,86.2,72739.4,0
20.1,86.9,66.3,88731.01,0
21.2,82.9,72.8,81717.83,0
9.0,21.5,64.4,35643.05,1
17.0,,81.6,83362.99,0
0.0,58.7,46.5,35783.12,1
5.7,18.5,45.6,40388.23,1
17.5,86.4,74.0,55242.9,0
5.8,66.4,50.6,53724.18,1
9.7,20.2,44.9,35977.77,1
0.3,40.7,38.2,32747.58,1
22.4,96.8,80.2,80158.86,0
19.1,71.0,66.2,45928.08,0
10.8,87.7,74.1,84619.94,0
5.8,47.7,43.1,55768.78,1
,90.3,79.5,42260.67,0
18.5,88.1,96.7,35077.71,0
14.5,96.4,69.1,76012.0,0
12.1,75.6,84.3,85999.05,0
1.6,68.2,39.4,18160.52,1
17.1,96.7,72.5,50742.86,0
10.4,83.8,78.3,45919.37,0
11.5,82.6,79.1,65024.67,0
26.7,98.6,82.9,84068.46,0
4.2,55.2,26.6,17254.66,1
17.3,84.2,84.6,12285.0,0
20.5,93.9,85.7,64473.09,0
11.7,70.8,82.4,109705.38,0
11.8,95.0,72.1,95669.38,0
14.3,84.9,83.9,64169.6,0
7.7,100.0,79.5,41664.27,0
20.8,83.9,100.0,73427.6,0
20.1,88.3,100.0,66599.2,0
19.5,75.8,88.2,57976.78,0
2.2,37.1,38.6,17575.21,1
12.1,100.0,71.6,89072.98,0
11.1,73.5,79.5,58397.65,0
18.7,86.1,71.8,78517.23,0
24.8,89.0,72.2,82226.87,0
26.8,91.5,82.2,58748.19,0
11.9,100.0,97.6,81989.75,0
22.3,88.5,66.4,125154.52,0
5.8,74.6,78.7,101758.31,0
23.8,91.5,75.9,102489.74,0
8.1,79.8,75.3,67303.87,0
3.5,43.0,20.2,52905.45,1
18.8,72.9,80.9,57197.49,0
22.9,86.0,77.6,66725.24,0
23.2,78.4,88.2,71587.32,0
23.9,85.9,83.1,51420.36,0
20.3,95.1,84.1,77583.2,0
4.4,28.1,38.3,49179.23,1
6.8,42.8,40.3,27196.03,1
4.3,38.7,44.2,20504.82,1
2.6,72.4,37.2,23148.14,1
16.7,98.9,86.2,82456.46,0
17.9,91.6,77.1,57447.68,0
5.5,63.4,30.8,37152.04,1
7.8,51.3,50.4,57571.02,1
13.4,86.6,74.9,48642.34,0
14.5,84.5,93.3,86177.84,0
1.2,,50.7,21573.12,1
9.6,89.6,100.0,30515.87,0
22.6,82.6,74.5,98481.78,0
27.8,56.6,96.7,58479.72,0
21.8,91.5,79.3,77412.77,0
12.1,,82.5,82578.34,0
16.9,84.3,80.3,77349.34,0
3.8,40.1,37.9,40258.56,1
16.3,84.7,69.9,71171.34,0
17.8,100.0,86.5,76348.89,0
17.7,76.7,76.0,72534.9,0
16.8,97.1,83.0,104763.62,0
17.1,93.9,83.7,86386.76,0
5.0,31.8,42.2,35588.06,1
2.0,45.0,36.9,54954.07,1
24.6,84.1,66.8,73855.68,0
20.6,86.7,70.8,90344.83,0
4.3,29.7,50.4,53234.1,1
11.9,86.0,81.1,63833.08,0
16.3,88.7,91.1,54007.72,0
3.4,35.4,15.4,34040.52,1
14.0,85.5,85.2,106911.31,0
18.1,87.7,89.3,85756.08,0
17.7,72.8,72.5,71613.35,0
1.7,45.2,29.1,29362.8,1
22.0,86.6,87.8,47631.27,0
18.9,86.5,97.6,37640.78,0
2.4,28.2,39.0,10000.0,1
3.3,,56.4,56037.17,1
14.7,77.7,88.3,68556.33,0
9.3,93.3,76.7,73964.5,0
18.4,100.0,61.2,74402.79,0
10.8,77.9,81.2,34571.21,0
14.4,82.3,91.9,63263.02,0
5.6,54.9,26.8,30710.86,1
11.3,90.7,58.6,101117.04,0
29.6,90.1,90.4,90468.53,0
11.9,89.7,98.1,79201.94,0
21.4,95.7,57.4,53581.97,0
24.5,85.9,88.9,80689.75,0
12.7,95.1,74.4,60093.46,0
17.9,,72.7,66526.13,0
2.4,32.6,47.5,23343.18,1
20.3,82.2,91.7,64250.02,0
3.8,42.9,42.1,32506.67,1
27.0,100.0,88.0,55803.17,0
15.8,100.0,76.0,83860.27,0
8.1,46.0,54.4,26160.13,1
17.9,77.8,79.0,46231.29,0
18.0,68.5,90.3,60084.01,0
20.1,85.5,79.7,56148.72,0
8.7,50.4,59.2,14158.85,1
23.7,86.3,82.0,86315.23,0
15.4,97.5,77.8,40474.44,0
20.6,71.6,70.7,95172.37,0
0.0,50.5,43.0,14788.31,1
15.2,73.4,84.6,80021.26,0
8.1,43.3,38.2,47151.67,1
19.5,94.9,95.3,79020.93,0
27.4,92.2,99.5,72569.51,0
26.9,,87.2,82089.79,0
10.7,96.5,82.2,59448.93,0
0.0,56.0,43.3,27507.71,1
5.2,34.0,47.3,53477.9,1
14.2,100.0,80.7,91792.41,0
14.4,90.0,82.4,45930.49,0
11.0,34.2,57.8,37032.4,1
8.0,100.0,78.3,100404.24,0
25.5,96.6,77.4,69420.09,0
0.0,50.8,30.4,28520.89,1
,83.5,91.8,59639.48,0
16.4,84.7,73.7,96170.99,0
19.4,79.8,86.9,70405.93,0
1.4,63.1,36.7,27108.97,1
3.8,58.8,45.5,51398.85,1
1.1,38.8,46.4,31273.44,1
14.3,87.9,64.3,95809.25,0
23.1,100.0,72.3,53070.9,0
